Date,Price,Open,High,Low,Volume,log_return,simple_return,news_article_count,news_sentiment_score,news_negative_ratio,news_policy_mentions,news_policy_flag,news_volatility_adjustment,news_signal_strength,hist_vol_5d,hist_vol_10d,hist_vol_21d,hist_vol_63d,hist_vol_126d,hist_vol_252d,ma_5d,ma_ratio_5d,ma_10d,ma_ratio_10d,ma_20d,ma_ratio_20d,ma_50d,ma_ratio_50d,ma_200d,ma_ratio_200d,rsi_14d,macd,macd_signal,bb_middle,bb_upper,bb_lower,bb_width,atr_14d,price_lag_1,return_lag_1,vol_lag_1,price_lag_2,return_lag_2,vol_lag_2,price_lag_3,return_lag_3,vol_lag_3,price_lag_5,return_lag_5,vol_lag_5,price_lag_10,return_lag_10,vol_lag_10,target_vol_1d
2021-01-28,930.0,930.0,930.0,900.0,0,0.0,0.0,8.0,0.125,0.25,0.0,0.0,0.013750000000000002,1,0.49927980533328564,0.3638573227646399,0.25429924875964177,0.48229847109213364,0.3789359273374769,0.295679335625966,897.36,1.0363733618614603,874.5799999999999,1.0633675592856,863.1899999999999,1.0773989504048935,734.592,1.2660088865656038,446.68199999999996,2.082018079976359,100.0,45.99050237471454,47.39074535096151,863.1899999999999,918.053117704069,808.3268822959309,0.1271171299576433,69.55714285714282,930.0,0.010810916104215676,0.25429924875964177,920.0,0.07327220110632572,0.25350504917523475,855.0,0.003749711447647155,0.3296074165251373,851.8,0.0,0.33000147955402603,851.8,0.0,0.5424259742939531,0.25429924875964177
2021-01-29,930.0,930.0,930.0,901.2,0,0.0,0.0,8.0,0.125,0.25,0.0,0.0,0.013750000000000002,1,0.49927980533328564,0.3638573227646399,0.25429924875964177,0.48229847109213364,0.3789359273374769,0.295679335625966,913.0,1.0186199342825848,882.4,1.0539437896645512,867.1,1.0725406527505479,743.192,1.251359002787974,449.8374999999999,2.067413232556201,100.0,46.635783640932345,47.239753008955674,867.1,929.2126311418897,804.9873688581104,0.14326520849242225,65.53571428571425,930.0,0.0,0.25429924875964177,930.0,0.010810916104215676,0.25429924875964177,920.0,0.07327220110632572,0.25350504917523475,851.8,0.0,0.33000147955402603,851.8,0.0,0.4549877748609239,0.25429924875964177
2021-02-01,930.0,930.0,930.0,850.4,0,0.0,0.0,8.0,0.125,0.25,0.0,0.0,0.013750000000000002,1,0.5064750006136768,0.3638573227646399,0.25429924875964177,0.48229847109213364,0.3789359273374769,0.295679335625966,928.0,1.0021551724137931,890.2199999999999,1.0446855833389501,871.01,1.0677259732953697,751.7919999999999,1.237044288845851,452.99299999999994,2.0530118566953575,100.0,46.60988396471066,47.11377920010667,871.01,938.66540862185,803.35459137815,0.15534932692357156,65.14285714285712,930.0,0.0,0.25429924875964177,930.0,0.0,0.25429924875964177,930.0,0.010810916104215676,0.25429924875964177,855.0,0.003749711447647155,0.3296074165251373,851.8,0.0,0.4549877748609239,0.25429924875964177
2021-02-02,930.0,930.0,925.0,852.4,0,0.0,0.0,8.0,0.125,0.25,0.0,0.0,0.013750000000000002,1,0.0767498906411245,0.3638573227646399,0.25429924875964177,0.48229847109213364,0.3789359273374769,0.295679335625966,930.0,1.0,898.04,1.0355886152064497,874.9199999999998,1.0629543272527775,760.3919999999999,1.2230533724710413,456.1485,2.0388097297261747,100.0,46.05842542676248,46.90270844543784,874.9199999999998,946.8073270436013,803.0326729563984,0.1643289147432941,64.6285714285714,930.0,0.0,0.25429924875964177,930.0,0.0,0.25429924875964177,930.0,0.0,0.25429924875964177,920.0,0.07327220110632572,0.25350504917523475,851.8,0.0,0.4549877748609239,0.25429924875964177
2021-02-03,930.0,930.0,925.0,920.0,0,0.0,0.0,8.0,0.125,0.25,0.0,0.0,0.013750000000000002,1,0.0,0.3638573227646399,0.25429924875964177,0.48229847109213364,0.3789359273374769,0.295679335625966,930.0,1.0,905.86,1.0266487095136114,878.8299999999999,1.058225140243278,768.992,1.2093753901210937,459.3039999999999,2.0248027450229045,100.0,45.101488675643395,46.54246449147895,878.8299999999999,953.8605229118195,803.7994770881803,0.1707509368406168,58.2142857142857,930.0,0.0,0.25429924875964177,930.0,0.0,0.25429924875964177,930.0,0.0,0.25429924875964177,930.0,0.010810916104215676,0.25429924875964177,851.8,0.0,0.33000147955402603,0.25429924875964177
2021-02-04,930.0,930.0,920.0,855.0,0,0.0,0.0,8.0,0.125,0.25,0.0,0.0,0.013750000000000002,1,0.0,0.3638573227646399,0.25429924875964177,0.48229847109213364,0.3789359273374769,0.295679335625966,930.0,1.0,913.68,1.0178618334646703,882.74,1.0535378480639825,777.092,1.1967694944742708,462.4595,2.0109869080427583,100.0,43.83777482589892,46.00152655836295,882.74,959.9580616995248,805.5219383004752,0.1749508614077187,52.885714285714265,930.0,0.0,0.25429924875964177,930.0,0.0,0.25429924875964177,930.0,0.0,0.25429924875964177,930.0,0.0,0.25429924875964177,851.8,0.0,0.33000147955402603,0.25429924875964177
2021-02-05,930.0,930.0,909.8,861.0,0,0.0,0.0,8.0,0.125,0.25,0.0,0.0,0.013750000000000002,1,0.0,0.3638573227646399,0.25429924875964177,0.48229847109213364,0.3789359273374769,0.295679335625966,930.0,1.0,921.5,1.0092240911557244,886.65,1.0488918964642193,785.192,1.1844236823604928,465.61499999999995,1.9973583325279471,100.0,42.348109845889326,45.270843215868226,886.65,965.1798468233914,808.1201531766086,0.1771383225024336,50.078571428571415,930.0,0.0,0.25429924875964177,930.0,0.0,0.25429924875964177,930.0,0.0,0.25429924875964177,930.0,0.0,0.25429924875964177,851.8,0.0,0.33000147955402603,0.25429924875964177
2021-02-08,930.0,930.0,899.8,840.2,0,0.0,0.0,8.0,0.125,0.25,0.0,0.0,0.013750000000000002,1,0.0,0.365791525948639,0.25429924875964177,0.48229847109213364,0.3789359273374769,0.295679335625966,930.0,1.0,929.0,1.0010764262648009,890.5600000000001,1.044286740927057,793.092,1.1726256222481124,468.77049999999997,1.983913236861108,100.0,40.69839386615672,44.356353345925925,890.5600000000001,969.5695104202156,811.5504895797845,0.17743781535262199,52.164285714285704,930.0,0.0,0.25429924875964177,930.0,0.0,0.25429924875964177,930.0,0.0,0.25429924875964177,930.0,0.0,0.25429924875964177,855.0,0.003749711447647155,0.3296074165251373,0.25429924875964177
2021-02-09,930.0,930.0,899.8,841.0,0,0.0,0.0,8.0,0.125,0.25,0.0,0.0,0.013750000000000002,1,0.0,0.054270368127664705,0.25429924875964177,0.48229847109213364,0.3789359273374769,0.295679335625966,930.0,1.0,930.0,1.0,894.4699999999999,1.039721846456561,800.992,1.1610602852462946,471.926,1.9706479405669532,100.0,38.94208198612512,43.273499073965766,894.4699999999999,973.1422742574672,815.7977257425326,0.17590813388367924,53.58571428571428,930.0,0.0,0.25429924875964177,930.0,0.0,0.25429924875964177,930.0,0.0,0.25429924875964177,930.0,0.0,0.25429924875964177,920.0,0.07327220110632572,0.25350504917523475,0.25429924875964177
2021-02-10,930.0,930.0,899.8,837.0,0,0.0,0.0,8.0,0.125,0.25,0.0,0.0,0.013750000000000002,1,0.0,0.0,0.25429924875964177,0.48229847109213364,0.3789359273374769,0.295679335625966,930.0,1.0,930.0,1.0,898.3799999999999,1.0351966873706004,808.8919999999999,1.149720852721995,475.08149999999995,1.9575588609533314,100.0,37.122269749791144,42.04325320913084,898.3799999999999,975.8874760400911,820.8725239599087,0.17254942460894324,56.55714285714286,930.0,0.0,0.25429924875964177,930.0,0.0,0.25429924875964177,930.0,0.0,0.25429924875964177,930.0,0.0,0.25429924875964177,930.0,0.010810916104215676,0.25429924875964177,0.25429924875964177
2021-02-11,930.0,930.0,878.8,837.0,0,0.0,0.0,8.0,0.125,0.25,0.0,0.0,0.013750000000000002,1,0.0,0.0,0.25429924875964177,0.48229847109213364,0.361434489486902,0.295679335625966,930.0,1.0,930.0,1.0,902.29,1.030710747099048,815.722,1.1400942968315186,478.23699999999997,1.9446425098852662,100.0,35.27344512303614,40.6892915919119,902.29,977.766811357076,826.8131886429239,0.16730056047850697,58.07142857142857,930.0,0.0,0.25429924875964177,930.0,0.0,0.25429924875964177,930.0,0.0,0.25429924875964177,930.0,0.0,0.25429924875964177,930.0,0.0,0.25429924875964177,0.25429924875964177
2021-02-12,930.0,930.0,879.0,837.2,0,0.0,0.0,8.0,0.125,0.25,0.0,0.0,0.013750000000000002,1,0.0,0.0,0.25429924875964177,0.4529903222556077,0.361434489486902,0.295679335625966,930.0,1.0,930.0,1.0,906.2,1.0262635179871993,822.552,1.1306276077378694,481.3925,1.931895490685875,100.0,33.42295921748121,39.23602511702577,906.2,978.7075676631144,833.6924323368856,0.16002553004439285,64.47142857142856,930.0,0.0,0.25429924875964177,930.0,0.0,0.25429924875964177,930.0,0.0,0.25429924875964177,930.0,0.0,0.25429924875964177,930.0,0.0,0.25429924875964177,0.25429924875964177
2021-02-15,930.0,930.0,875.0,837.5,0,0.0,0.0,8.0,0.125,0.25,0.0,0.0,0.013750000000000002,1,0.0,0.0,0.25429924875964177,0.4300224632937095,0.361434489486902,0.295679335625966,930.0,1.0,930.0,1.0,910.11,1.0218545011042621,829.382,1.1213168359091468,484.54799999999994,1.9193144951583747,100.0,31.5922598986848,37.70727207335758,910.11,978.5877612767367,841.6322387232633,0.15048238405629366,66.43571428571428,930.0,0.0,0.25429924875964177,930.0,0.0,0.25429924875964177,930.0,0.0,0.25429924875964177,930.0,0.0,0.25429924875964177,930.0,0.0,0.25429924875964177,0.25429924875964177
2021-05-19,837.0,930.0,837.0,837.0,0,-0.10536051565782628,-0.09999999999999998,8.0,0.125,0.25,0.0,0.0,0.013750000000000002,1,0.74798545994426,0.5289055909555249,0.36497953246202275,0.21072103131565256,0.3886605078841526,0.31540455483125074,911.4,0.9183673469387755,920.7,0.9090909090909091,925.35,0.9045226130653267,928.14,0.9018036072144289,672.7655,1.2441184929964453,0.0,-7.067601741159706,-0.9678439189306753,925.35,966.9408643814972,883.7591356185028,0.089892179999994,93.0,930.0,0.0,0.0,930.0,0.0,0.0,930.0,0.0,0.0,930.0,0.0,0.0,930.0,0.0,0.0,0.36497953246202275
2021-05-20,837.0,837.0,753.3,753.3,0,0.0,0.0,8.0,0.125,0.25,0.0,0.0,0.013750000000000002,1,0.74798545994426,0.5289055909555249,0.36497953246202275,0.21072103131565256,0.367136946863709,0.31540455483125074,892.8,0.9375,911.4,0.9183673469387755,920.7,0.9090909090909091,926.28,0.9036144578313253,675.2105,1.2396134242580648,0.0,-12.821504246373934,-3.338575984419327,920.7,977.9495920463523,863.4504079536478,0.12436101237395956,92.33571428571429,837.0,-0.10536051565782628,0.36497953246202275,930.0,0.0,0.0,930.0,0.0,0.0,930.0,0.0,0.0,930.0,0.0,0.0,0.36497953246202275
2021-05-21,837.0,837.0,753.3,753.3,0,0.0,0.0,8.0,0.125,0.25,0.0,0.0,0.013750000000000002,1,0.74798545994426,0.5289055909555249,0.36497953246202275,0.21072103131565256,0.35022351534291196,0.31540455483125074,874.2,0.9574468085106382,902.1,0.9278350515463917,916.05,0.9137055837563453,924.42,0.9054325955734407,677.6555000000001,1.23514086434774,0.0,-17.18343351118415,-6.107547489772292,916.05,984.1906440270499,847.90935597295,0.1487705780842747,91.67142857142858,837.0,0.0,0.36497953246202275,837.0,-0.10536051565782628,0.36497953246202275,930.0,0.0,0.0,930.0,0.0,0.0,930.0,0.0,0.0,0.36497953246202275
2021-05-24,837.0,837.0,753.3,753.3,0,0.0,0.0,8.0,0.125,0.25,0.0,0.0,0.013750000000000002,1,0.74798545994426,0.5289055909555249,0.36497953246202275,0.21072103131565256,0.34951406293210574,0.31540455483125074,855.6,0.9782608695652174,892.8,0.9375,911.4,0.9183673469387755,922.56,0.9072580645161291,680.1005,1.230700462652211,0.0,-20.405076855281322,-8.967053362874099,911.4,987.7327893951359,835.067210604864,0.16750666972818945,91.00714285714287,837.0,0.0,0.36497953246202275,837.0,0.0,0.36497953246202275,837.0,-0.10536051565782628,0.36497953246202275,930.0,0.0,0.0,930.0,0.0,0.0,0.36497953246202275
2021-05-25,837.0,837.0,753.3,753.3,0,0.0,0.0,8.0,0.125,0.25,0.0,0.0,0.013750000000000002,1,0.74798545994426,0.5289055909555249,0.36497953246202275,0.21072103131565256,0.34951406293210574,0.31540455483125074,837.0,1.0,883.5,0.9473684210526315,906.75,0.9230769230769231,920.7,0.9090909090909091,682.5455000000001,1.226291873582054,0.0,-22.696619909998162,-11.712966672298911,906.75,989.3826684473938,824.1173315526062,0.18226119315664477,90.34285714285716,837.0,0.0,0.36497953246202275,837.0,0.0,0.36497953246202275,837.0,0.0,0.36497953246202275,930.0,0.0,0.0,930.0,0.0,0.0,0.36497953246202275
2021-05-26,837.0,837.0,753.3,753.3,0,0.0,0.0,8.0,0.125,0.25,0.0,0.0,0.013750000000000002,1,0.0,0.5289055909555249,0.36497953246202275,0.21072103131565256,0.34951406293210574,0.31540455483125074,837.0,1.0,874.2,0.9574468085106382,902.1,0.9278350515463917,918.84,0.9109311740890688,684.9905,1.2219147564820243,0.0,-24.233337461015594,-14.217040830042249,902.1,989.550196352583,814.649803647417,0.19388137978623882,89.67857142857144,837.0,0.0,0.36497953246202275,837.0,0.0,0.36497953246202275,837.0,0.0,0.36497953246202275,837.0,-0.10536051565782628,0.36497953246202275,930.0,0.0,0.0,0.36497953246202275
2021-05-27,837.0,837.0,753.3,753.3,0,0.0,0.0,8.0,0.125,0.25,0.0,0.0,0.013750000000000002,1,0.0,0.5289055909555249,0.36497953246202275,0.21072103131565256,0.34951406293210574,0.31540455483125074,837.0,1.0,864.9,0.967741935483871,897.45,0.9326424870466321,916.98,0.9127789046653144,687.4355,1.2175687755433053,0.0,-25.161155058410827,-16.405863675715963,897.45,988.4710501969047,806.4289498030954,0.2028437243231481,89.01428571428573,837.0,0.0,0.36497953246202275,837.0,0.0,0.36497953246202275,837.0,0.0,0.36497953246202275,837.0,0.0,0.36497953246202275,930.0,0.0,0.0,0.36497953246202275
2021-05-28,837.0,837.0,753.3,753.3,0,0.0,0.0,8.0,0.125,0.25,0.0,0.0,0.013750000000000002,1,0.0,0.5289055909555249,0.36497953246202275,0.21072103131565256,0.34951406293210574,0.31540455483125074,837.0,1.0,855.6,0.9782608695652174,892.8,0.9375,915.12,0.9146341463414634,689.8805,1.2132535997176324,0.0,-25.601340867670274,-18.244959114106827,892.8,986.2881923307067,799.3118076692932,0.20942695414584844,88.35000000000002,837.0,0.0,0.36497953246202275,837.0,0.0,0.36497953246202275,837.0,0.0,0.36497953246202275,837.0,0.0,0.36497953246202275,930.0,0.0,0.0,0.36497953246202275
2021-05-31,837.0,837.0,753.3,753.3,0,0.0,0.0,8.0,0.125,0.25,0.0,0.0,0.013750000000000002,1,0.0,0.5289055909555249,0.36497953246202275,0.21072103131565256,0.34369658666276276,0.31540455483125074,837.0,1.0,846.3,0.989010989010989,888.15,0.9424083769633508,913.26,0.9164969450101833,692.3255,1.2089689026332266,0.0,-25.65446261717352,-19.726859814720164,888.15,983.0877081093317,793.2122918906682,0.21378755415038397,87.68571428571431,837.0,0.0,0.36497953246202275,837.0,0.0,0.36497953246202275,837.0,0.0,0.36497953246202275,837.0,0.0,0.36497953246202275,930.0,0.0,0.0,0.36497953246202275
2021-06-01,837.0,837.0,753.3,753.3,0,0.0,0.0,8.0,0.125,0.25,0.0,0.0,0.013750000000000002,1,0.0,0.5289055909555249,0.36497953246202275,0.21072103131565256,0.34369658666276276,0.31540455483125074,837.0,1.0,837.0,1.0,883.5,0.9473684210526315,911.4,0.9183673469387755,694.7705000000001,1.204714362512513,0.0,-25.40372367314137,-20.862232586404406,883.5,978.9159867439196,788.0840132560804,0.21599544254424352,87.0214285714286,837.0,0.0,0.36497953246202275,837.0,0.0,0.36497953246202275,837.0,0.0,0.36497953246202275,837.0,0.0,0.36497953246202275,930.0,0.0,0.0,0.36497953246202275
2021-06-02,837.0,837.0,753.3,753.3,0,0.0,0.0,8.0,0.125,0.25,0.0,0.0,0.013750000000000002,1,0.0,0.0,0.36497953246202275,0.21072103131565256,0.3430532547440435,0.31540455483125074,837.0,1.0,837.0,1.0,878.85,0.9523809523809523,909.54,0.9202453987730062,697.2155,1.2004896620915628,0.0,-24.91777465803773,-21.67334100073107,878.85,973.7877081093318,783.9122918906683,0.2160498563107055,86.35714285714289,837.0,0.0,0.36497953246202275,837.0,0.0,0.36497953246202275,837.0,0.0,0.36497953246202275,837.0,0.0,0.36497953246202275,837.0,-0.10536051565782628,0.36497953246202275,0.36497953246202275
2021-06-03,837.0,837.0,753.3,753.3,0,0.0,0.0,8.0,0.125,0.25,0.0,0.0,0.013750000000000002,1,0.0,0.0,0.36497953246202275,0.21072103131565256,0.3430532547440435,0.31540455483125074,837.0,1.0,837.0,1.0,874.2,0.9574468085106382,907.68,0.9221311475409837,699.5005,1.196568122538869,0.0,-24.25308212873381,-22.189289226331617,874.2,967.6881923307067,780.7118076692934,0.2138828467872492,85.69285714285718,837.0,0.0,0.36497953246202275,837.0,0.0,0.36497953246202275,837.0,0.0,0.36497953246202275,837.0,0.0,0.36497953246202275,837.0,0.0,0.36497953246202275,0.36497953246202275
2021-06-04,837.0,837.0,753.3,753.3,0,0.0,0.0,8.0,0.125,0.25,0.0,0.0,0.013750000000000002,1,0.0,0.0,0.36497953246202275,0.21072103131565256,0.3430532547440435,0.31540455483125074,837.0,1.0,837.0,1.0,869.55,0.9625668449197862,905.82,0.9240246406570841,701.7855000000001,1.1926721198998838,0.0,-23.455923228239385,-22.44261602671317,869.55,960.5710501969045,778.5289498030954,0.20935207911426493,85.02857142857147,837.0,0.0,0.36497953246202275,837.0,0.0,0.36497953246202275,837.0,0.0,0.36497953246202275,837.0,0.0,0.36497953246202275,837.0,0.0,0.36497953246202275,0.36497953246202275
2021-06-07,837.0,837.0,753.3,753.3,0,0.0,0.0,8.0,0.125,0.25,0.0,0.0,0.013750000000000002,1,0.0,0.0,0.36497953246202275,0.21072103131565256,0.31716210756857355,0.31540455483125074,837.0,1.0,837.0,1.0,864.9,0.967741935483871,903.96,0.9259259259259259,704.0705,1.1888014055410643,0.0,-22.56406456570687,-22.46690573451191,864.9,952.3501963525828,777.4498036474172,0.20222036386306577,84.36428571428576,837.0,0.0,0.36497953246202275,837.0,0.0,0.36497953246202275,837.0,0.0,0.36497953246202275,837.0,0.0,0.36497953246202275,837.0,0.0,0.36497953246202275,0.36497953246202275
2021-06-15,753.3,837.0,753.3,753.3,0,-0.1053605156578264,-0.10000000000000009,8.0,0.125,0.25,0.0,0.0,0.013750000000000002,1,0.7479854599442608,0.5289055909555255,0.503089566897162,0.29559150842067283,0.3321794302996373,0.333834306214755,820.26,0.9183673469387754,828.6299999999999,0.9090909090909092,837.4649999999999,0.8995002776235425,892.9860000000001,0.8435742553634658,715.077,1.0534529847834568,0.0,-24.247572520260178,-21.57380815516816,837.4649999999999,894.8654685475097,780.0645314524901,0.13708147456313957,83.70000000000005,837.0,0.0,0.36497953246202275,837.0,0.0,0.36497953246202275,837.0,0.0,0.36497953246202275,837.0,0.0,0.36497953246202275,837.0,0.0,0.36497953246202275,0.503089566897162
2021-06-16,753.3,753.3,678.0,678.0,0,0.0,0.0,8.0,0.125,0.25,0.0,0.0,0.013750000000000002,1,0.7479854599442608,0.5289055909555255,0.503089566897162,0.29559150842067283,0.3321794302996373,0.333834306214755,803.52,0.9375,820.26,0.9183673469387754,828.6299999999999,0.9090909090909092,889.4520000000001,0.8469259723964867,716.9434999999999,1.0507104116293684,0.0,-28.411523057176964,-22.941351135569924,828.6299999999999,880.1546328417159,777.1053671582839,0.12436101237395696,83.10000000000004,753.3,-0.1053605156578264,0.503089566897162,837.0,0.0,0.36497953246202275,837.0,0.0,0.36497953246202275,837.0,0.0,0.36497953246202275,837.0,0.0,0.36497953246202275,0.503089566897162
2021-06-17,753.3,753.3,678.0,678.0,0,0.0,0.0,8.0,0.125,0.25,0.0,0.0,0.013750000000000002,1,0.7479854599442608,0.5289055909555255,0.503089566897162,0.29559150842067283,0.3321794302996373,0.333834306214755,786.78,0.9574468085106382,811.89,0.9278350515463917,824.445,0.913705583756345,885.918,0.8503044299811043,718.81,1.0479820814958056,0.0,-31.350099425904773,-24.623100793636894,824.445,885.771579624344,763.1184203756561,0.1487705780842723,82.50000000000003,753.3,0.0,0.503089566897162,753.3,-0.1053605156578264,0.503089566897162,837.0,0.0,0.36497953246202275,837.0,0.0,0.36497953246202275,837.0,0.0,0.36497953246202275,0.36497953246202314
2021-06-18,753.3,753.3,680.0,678.0,0,0.0,0.0,8.0,0.125,0.25,0.0,0.0,0.013750000000000002,1,0.7479854599442608,0.5289055909555255,0.36497953246202314,0.29559150842067283,0.3321794302996373,0.333834306214755,770.04,0.9782608695652174,803.52,0.9375,820.26,0.9183673469387754,882.3840000000001,0.8537099494097806,720.6764999999999,1.0452678837175904,0.0,-33.295136758373474,-26.35750798658421,820.26,888.9595104556214,751.5604895443786,0.16750666972818717,81.90000000000002,753.3,0.0,0.503089566897162,753.3,0.0,0.503089566897162,753.3,-0.1053605156578264,0.503089566897162,837.0,0.0,0.36497953246202275,837.0,0.0,0.36497953246202275,0.36497953246202314
2021-06-21,753.3,753.3,678.0,678.0,0,0.0,0.0,8.0,0.125,0.25,0.0,0.0,0.013750000000000002,1,0.7479854599442608,0.5289055909555255,0.36497953246202314,0.29559150842067283,0.3321794302996373,0.333834306214755,753.3,1.0,795.15,0.9473684210526315,816.075,0.923076923076923,878.85,0.8571428571428571,722.543,1.0425677087730418,0.0,-34.439594648388834,-27.973925318945135,816.075,890.4444016026536,741.7055983973465,0.1822611931566425,81.30000000000003,753.3,0.0,0.36497953246202314,753.3,0.0,0.503089566897162,753.3,0.0,0.503089566897162,837.0,0.0,0.36497953246202275,837.0,0.0,0.36497953246202275,0.5029839366768385
2021-06-22,678.0,753.3,678.0,678.0,0,-0.10531626689125337,-0.09996017522899237,8.0,0.125,0.25,0.0,0.0,0.013750000000000002,1,0.7476713248642411,0.7050593893495412,0.5029839366768385,0.3589942545494474,0.33881069554880666,0.3511588726096343,738.24,0.9184005201560468,779.25,0.8700673724735323,808.125,0.8389791183294664,873.81,0.7759123836989735,724.033,0.9364214062066232,0.0,-40.95061328417421,-30.569262911990954,808.125,903.9693227871438,712.2806772128562,0.23720172692873956,80.70000000000002,753.3,0.0,0.36497953246202314,753.3,0.0,0.36497953246202314,753.3,0.0,0.503089566897162,753.3,-0.1053605156578264,0.503089566897162,837.0,0.0,0.36497953246202275,0.5029839366768385
2021-06-23,678.0,678.0,678.0,610.2,0,0.0,0.0,8.0,0.125,0.25,0.0,0.0,0.013750000000000002,1,0.7476713248642411,0.7050593893495412,0.5029839366768385,0.3589942545494474,0.33881069554880666,0.3511588726096343,723.18,0.9375259271550652,763.35,0.8881902141874631,800.175,0.84731464992033,868.77,0.7804136883179668,725.523,0.9344982860639841,0.0,-45.585165055411494,-33.572443340675065,800.175,911.121964570322,689.2280354296779,0.2773067505741171,79.56428571428572,678.0,-0.10531626689125337,0.5029839366768385,753.3,0.0,0.36497953246202314,753.3,0.0,0.36497953246202314,753.3,0.0,0.503089566897162,837.0,0.0,0.36497953246202275,0.5029839366768385
2021-06-24,678.0,678.0,610.2,610.2,0,0.0,0.0,8.0,0.125,0.25,0.0,0.0,0.013750000000000002,1,0.7476713248642411,0.7050593893495412,0.5029839366768385,0.3589942545494474,0.33881069554880666,0.3511588726096343,708.12,0.9574648364683952,747.45,0.9070840858920328,792.225,0.855817476095806,863.73,0.7849675245736515,727.013,0.9325830487212745,0.0,-48.6967350749801,-36.597301687536074,792.225,914.2909334346115,670.1590665653886,0.3081597612663358,78.42857142857143,678.0,0.0,0.5029839366768385,678.0,-0.10531626689125337,0.5029839366768385,753.3,0.0,0.36497953246202314,753.3,0.0,0.503089566897162,837.0,0.0,0.36497953246202275,0.5029839366768385
2021-06-25,678.0,678.0,615.0,610.2,0,0.0,0.0,8.0,0.125,0.25,0.0,0.0,0.013750000000000002,1,0.7476713248642411,0.7050593893495412,0.5029839366768385,0.3589942545494474,0.3101921432491875,0.3511588726096343,693.06,0.9782702796294694,731.55,0.9267992618412959,784.275,0.8644926843262887,858.69,0.7895748174544945,728.503,0.9306756458106555,0.0,-50.57962628603832,-39.39376660723653,784.275,914.5006644606214,654.0493355393786,0.3320918414092541,77.29285714285713,678.0,0.0,0.5029839366768385,678.0,0.0,0.5029839366768385,678.0,-0.10531626689125337,0.5029839366768385,753.3,0.0,0.36497953246202314,837.0,0.0,0.36497953246202275,0.5019311178140008
2021-06-28,667.7,667.7,678.0,601.0,0,-0.015308317076572422,-0.015191740412979327,8.0,0.125,0.25,0.0,0.0,0.013750000000000002,1,0.7281452899697258,0.6963861188915141,0.5019311178140008,0.3594300976950788,0.3108419718443527,0.3516344743303253,675.94,0.9878095688966476,714.62,0.9343427276034816,775.8100000000001,0.8606488702130676,853.4440000000001,0.7823594752555528,729.9414999999999,0.9147308380192113,0.0,-52.30007237691257,-41.97502776117174,775.8100000000001,913.406372351201,638.2136276487992,0.3547166763800438,76.8142857142857,678.0,0.0,0.5029839366768385,678.0,0.0,0.5029839366768385,678.0,0.0,0.5029839366768385,753.3,0.0,0.36497953246202314,837.0,0.0,0.36497953246202275,0.5019311178140008
2021-06-29,667.7,667.7,601.0,601.0,0,0.0,0.0,8.0,0.125,0.25,0.0,0.0,0.013750000000000002,1,0.10867827020398714,0.5257216804553465,0.5019311178140008,0.3594300976950788,0.3108419718443527,0.3516344743303253,673.88,0.9908292277556836,706.06,0.945670339631193,767.345,0.8701431559468036,848.198,0.7871982721015612,731.38,0.9129317181219067,0.0,-53.05198800506855,-44.1904198099511,767.345,909.8349254056407,624.8550745943594,0.37138425455470647,75.6,667.7,-0.015308317076572422,0.5019311178140008,678.0,0.0,0.5029839366768385,678.0,0.0,0.5029839366768385,678.0,-0.10531626689125337,0.5029839366768385,753.3,-0.1053605156578264,0.503089566897162,0.5019311178140008
2021-06-30,667.7,667.7,601.0,601.0,0,0.0,0.0,8.0,0.125,0.25,0.0,0.0,0.013750000000000002,1,0.10867827020398714,0.5257216804553465,0.5019311178140008,0.3594300976950788,0.3108419718443527,0.3516344743303253,671.82,0.9938674049596619,697.5,0.9572759856630825,758.88,0.8798492515285685,842.9520000000001,0.7920972961687023,732.8184999999999,0.9111396614577828,0.0,-53.036514631058935,-45.95963877417267,758.88,904.0370706438184,613.7229293561816,0.38255605799024467,74.38571428571427,667.7,0.0,0.5019311178140008,667.7,-0.015308317076572422,0.5019311178140008,678.0,0.0,0.5029839366768385,678.0,0.0,0.5029839366768385,753.3,0.0,0.503089566897162,0.5019311178140008
2021-07-01,667.7,667.7,601.0,601.0,0,0.0,0.0,8.0,0.125,0.25,0.0,0.0,0.013750000000000002,1,0.10867827020398714,0.5257216804553465,0.5019311178140008,0.3594300976950788,0.2788014323987549,0.3516344743303253,669.76,0.9969242713807932,688.94,0.9691700293204053,750.4150000000001,0.8897743248735699,837.706,0.7970576789470292,734.257,0.909354626513605,0.0,-52.41998689209356,-47.25170839775685,750.4150000000001,896.1351105941753,604.6948894058248,0.3883720623766189,73.17142857142856,667.7,0.0,0.5019311178140008,667.7,0.0,0.5019311178140008,667.7,-0.015308317076572422,0.5019311178140008,678.0,0.0,0.5029839366768385,753.3,0.0,0.503089566897162,0.5019311178140008
2021-07-02,667.7,667.7,601.0,601.0,0,0.0,0.0,8.0,0.125,0.25,0.0,0.0,0.013750000000000002,1,0.10867827020398714,0.5257216804553465,0.5019311178140008,0.3594300976950788,0.2788014323987549,0.3516344743303253,667.7,1.0,680.38,0.9813633557717747,741.95,0.8999258710155671,832.46,0.8020805804483099,735.6955,0.9075765721008217,0.0,-51.33957357077202,-48.06928143235989,741.95,886.153693652963,597.746306347037,0.38871539498069413,71.95714285714284,667.7,0.0,0.5019311178140008,667.7,0.0,0.5019311178140008,667.7,0.0,0.5019311178140008,678.0,0.0,0.5029839366768385,753.3,0.0,0.36497953246202314,0.5019311178140008
2021-07-05,667.7,667.7,601.0,601.0,0,0.0,0.0,8.0,0.125,0.25,0.0,0.0,0.013750000000000002,1,0.0,0.5257216804553465,0.5019311178140008,0.3594300976950788,0.2788014323987549,0.3393398751559406,667.7,1.0,671.8199999999999,0.993867404959662,733.485,0.9103117309829104,827.214,0.8071671901104188,737.1339999999999,0.9058054573523947,0.0,-49.90802953189302,-48.43703105226652,733.485,874.0255245921305,592.9444754078695,0.3832130843633626,70.74285714285713,667.7,0.0,0.5019311178140008,667.7,0.0,0.5019311178140008,667.7,0.0,0.5019311178140008,667.7,-0.015308317076572422,0.5019311178140008,753.3,0.0,0.36497953246202314,0.5019311178140008
2021-07-06,667.7,667.7,601.0,601.0,0,0.0,0.0,8.0,0.125,0.25,0.0,0.0,0.013750000000000002,1,0.0,0.07684714182886196,0.5019311178140008,0.3594300976950788,0.2788014323987549,0.3393398751559406,667.7,1.0,670.79,0.9953934912565782,725.02,0.9209401119969105,821.9680000000001,0.8123187277363596,738.5725,0.9040412417196687,0.0,-48.21769697115428,-48.39316423604407,725.02,859.5753863656139,590.4646136343861,0.3711770333662904,70.12857142857142,667.7,0.0,0.5019311178140008,667.7,0.0,0.5019311178140008,667.7,0.0,0.5019311178140008,667.7,0.0,0.5019311178140008,678.0,-0.10531626689125337,0.5029839366768385,0.5019311178140008
2021-07-07,667.7,667.7,601.0,601.0,0,0.0,0.0,8.0,0.125,0.25,0.0,0.0,0.013750000000000002,1,0.0,0.07684714182886196,0.5019311178140008,0.3594300976950788,0.2788014323987549,0.3393398751559406,667.7,1.0,669.76,0.9969242713807932,716.5550000000001,0.9318196091018833,816.7220000000001,0.8175364444694767,740.011,0.9022838849692776,0.0,-46.343872919622186,-47.9833059727597,716.5550000000001,842.4726084003456,590.6373915996545,0.35145273817179573,69.51428571428572,667.7,0.0,0.5019311178140008,667.7,0.0,0.5019311178140008,667.7,0.0,0.5019311178140008,667.7,0.0,0.5019311178140008,678.0,0.0,0.5029839366768385,0.5019311178140008
2021-07-08,667.7,667.7,601.0,601.0,0,0.0,0.0,8.0,0.125,0.25,0.0,0.0,0.013750000000000002,1,0.0,0.07684714182886196,0.5019311178140008,0.3594300976950788,0.2788014323987549,0.3393398751559406,667.7,1.0,668.73,0.9984597670210699,708.09,0.9429592283466791,811.4760000000001,0.8228216238064957,741.4495,0.9005333471800846,0.0,-44.34764184882499,-47.25617314797276,708.09,822.1159416467176,594.0640583532825,0.3220662391693642,68.9,667.7,0.0,0.5019311178140008,667.7,0.0,0.5019311178140008,667.7,0.0,0.5019311178140008,667.7,0.0,0.5019311178140008,678.0,0.0,0.5029839366768385,0.596917274319655
2021-07-09,601.0,667.7,601.0,601.0,0,-0.10524403632861555,-0.09989516249812791,8.0,0.125,0.25,0.0,0.0,0.013750000000000002,1,0.7471585387386288,0.5253629349054623,0.596917274319655,0.4110907340302982,0.31474235253471844,0.3561210003994751,654.36,0.9184546732685371,661.03,0.9091871775864938,696.2900000000001,0.863146102916888,804.8960000000001,0.7466803164632448,742.5545,0.8093682012566081,0.0,-47.59905463553582,-47.324749445485374,696.2900000000001,802.7396698469556,589.8403301530445,0.3057624548591981,68.2857142857143,667.7,0.0,0.5019311178140008,667.7,0.0,0.5019311178140008,667.7,0.0,0.5019311178140008,667.7,0.0,0.5019311178140008,678.0,0.0,0.5029839366768385,0.596917274319655
2021-07-12,601.0,601.0,601.0,601.0,0,0.0,0.0,8.0,0.125,0.25,0.0,0.0,0.013750000000000002,1,0.7471585387386288,0.5283208693635161,0.596917274319655,0.4110907340302982,0.31474235253471844,0.3561210003994751,641.0200000000001,0.9375682506006051,654.36,0.9184546732685371,684.49,0.8780259755438355,798.316,0.7528347170794523,743.6595,0.8081655650200126,0.0,-49.60401844694127,-47.78060324577656,684.49,776.6236077889605,592.3563922110395,0.2692036634252085,62.90714285714288,601.0,-0.10524403632861555,0.596917274319655,667.7,0.0,0.5019311178140008,667.7,0.0,0.5019311178140008,667.7,0.0,0.5019311178140008,667.7,-0.015308317076572422,0.5019311178140008,0.596917274319655
2021-07-13,601.0,601.0,639.4,541.4,0,0.0,0.0,8.0,0.125,0.25,0.0,0.0,0.013750000000000002,1,0.7471585387386288,0.5283208693635161,0.596917274319655,0.4110907340302982,0.31474235253471844,0.3540455936367928,627.6800000000001,0.9574942645934233,647.69,0.9279130448208247,676.875,0.887903970452447,791.7360000000001,0.7590914143098203,744.7645,0.8069664974632921,0.0,-50.60957108041339,-48.34639681270393,676.875,770.2298493370124,583.5201506629876,0.27584073672986126,65.06428571428573,601.0,0.0,0.596917274319655,601.0,-0.10524403632861555,0.596917274319655,667.7,0.0,0.5019311178140008,667.7,0.0,0.5019311178140008,667.7,0.0,0.5019311178140008,0.5016545967410595
2021-07-14,601.0,601.0,623.4,560.0,0,0.0,0.0,8.0,0.125,0.25,0.0,0.0,0.013750000000000002,1,0.7471585387386288,0.5283208693635161,0.5016545967410595,0.4110907340302982,0.31474235253471844,0.35246304199211886,614.34,0.9782856398736856,641.0200000000001,0.9375682506006051,669.26,0.8980067537279981,785.1560000000001,0.76545298004473,745.8695,0.8057709827255304,0.0,-50.820649968969406,-48.84124744395703,669.26,761.2020046035856,577.3179953964144,0.2747572082705842,64.75000000000003,601.0,0.0,0.596917274319655,601.0,0.0,0.596917274319655,601.0,-0.10524403632861555,0.596917274319655,667.7,0.0,0.5019311178140008,667.7,0.0,0.5019311178140008,0.5016545967410595
2021-07-15,601.0,601.0,601.0,562.0,0,0.0,0.0,8.0,0.125,0.25,0.0,0.0,0.013750000000000002,1,0.7471585387386288,0.5283208693635161,0.5016545967410595,0.4110907340302982,0.31474235253471844,0.35246304199211886,601.0,1.0,634.35,0.9474264995664854,661.6450000000001,0.9083420867685842,778.576,0.7719220731181028,746.9744999999999,0.8045790050396634,0.0,-50.40687246035702,-49.15437244723703,661.6450000000001,749.412959025936,573.8770409740642,0.2653022663994615,62.69285714285717,601.0,0.0,0.5016545967410595,601.0,0.0,0.596917274319655,601.0,0.0,0.596917274319655,667.7,0.0,0.5019311178140008,667.7,0.0,0.5019311178140008,0.5016545967410595
2021-07-16,601.0,601.0,601.0,570.4,0,0.0,0.0,8.0,0.125,0.25,0.0,0.0,0.013750000000000002,1,0.0,0.5283208693635161,0.5016545967410595,0.4110907340302982,0.31474235253471844,0.35246304199211886,601.0,1.0,627.6800000000001,0.9574942645934233,654.03,0.9189180924422428,771.9960000000001,0.778501443012658,748.0794999999999,0.803390548731786,0.0,-49.5082505096168,-49.225148059712986,654.03,734.4338255177831,573.6261744822168,0.2458719799329791,59.378571428571455,601.0,0.0,0.5016545967410595,601.0,0.0,0.5016545967410595,601.0,0.0,0.596917274319655,601.0,-0.10524403632861555,0.596917274319655,667.7,0.0,0.5019311178140008,0.5016545967410595
2021-07-19,601.0,601.0,619.8,570.0,0,0.0,0.0,8.0,0.125,0.25,0.0,0.0,0.013750000000000002,1,0.0,0.5283208693635161,0.5016545967410595,0.4110907340302982,0.31474235253471844,0.35246304199211886,601.0,1.0,621.01,0.9677782966457867,646.4150000000001,0.929743276378178,765.416,0.7851939337562841,749.1845,0.8022055982204651,0.0,-48.24000538570783,-49.02811952491196,646.4150000000001,715.2482317232966,577.5817682767035,0.21296916601036958,58.17142857142859,601.0,0.0,0.5016545967410595,601.0,0.0,0.5016545967410595,601.0,0.0,0.5016545967410595,601.0,0.0,0.596917274319655,667.7,0.0,0.5019311178140008,0.5016545967410595
2021-07-22,601.0,601.0,630.0,600.5,0,0.0,0.0,8.0,0.125,0.25,0.0,0.0,0.013750000000000002,1,0.0,0.5283208693635161,0.5016545967410595,0.4110907340302982,0.31474235253471844,0.35246304199211886,601.0,1.0,614.34,0.9782856398736856,642.565,0.9353139371114205,758.836,0.792002488021127,750.2895,0.8010241380160592,0.0,-46.69662239249476,-48.56182009842852,642.565,712.5635345711223,572.5664654288778,0.21787222949000415,55.514285714285734,601.0,0.0,0.5016545967410595,601.0,0.0,0.5016545967410595,601.0,0.0,0.5016545967410595,601.0,0.0,0.596917274319655,667.7,0.0,0.5019311178140008,0.36577929159429723
2021-07-23,601.0,601.0,630.0,601.0,0,0.0,0.0,8.0,0.125,0.25,0.0,0.0,0.013750000000000002,1,0.0,0.5283208693635161,0.36577929159429723,0.4110907340302982,0.31474235253471844,0.35246304199211886,601.0,1.0,607.67,0.9890236477035234,638.715,0.9409517546949735,752.2560000000001,0.7989301514378083,751.3945,0.7998461527200426,0.0,-44.955263951743746,-47.840508869091565,638.715,708.9770441070752,568.4529558929248,0.22001062792348766,52.82142857142859,601.0,0.0,0.5016545967410595,601.0,0.0,0.5016545967410595,601.0,0.0,0.5016545967410595,601.0,0.0,0.5016545967410595,667.7,0.0,0.5019311178140008,0.37879913694791373
2021-07-26,615.0,601.0,615.0,615.0,0,0.02302733327131027,0.02329450915141429,8.0,0.125,0.25,0.0,0.0,0.013750000000000002,1,0.16347784899011503,0.5532241731492196,0.37879913694791373,0.41522746673380906,0.31682843101785335,0.3516630531632429,603.8,1.0185491884730045,602.4,1.0209163346613546,635.565,0.9676429633475726,745.956,0.8244454096488264,752.5695,0.8172002718685784,17.34820322180917,-41.961831965950296,-46.66477348846331,635.565,704.0373924389611,567.092607561039,0.21546936171425748,49.05714285714287,601.0,0.0,0.36577929159429723,601.0,0.0,0.5016545967410595,601.0,0.0,0.5016545967410595,601.0,0.0,0.5016545967410595,667.7,0.0,0.5019311178140008,0.37879913694791373
2021-07-27,615.0,615.0,660.0,615.0,0,0.0,0.0,8.0,0.125,0.25,0.0,0.0,0.013750000000000002,1,0.16347784899011503,0.11559629559470039,0.37879913694791373,0.41522746673380906,0.31682843101785335,0.3510435052490451,606.6,1.0138476755687438,603.8,1.0185491884730045,632.4150000000001,0.9724627024975687,739.6560000000001,0.8314676011551315,753.7445,0.8159263517014055,17.34820322180917,-39.13835298031779,-45.15948938683421,632.4150000000001,698.4197294956109,566.4102705043892,0.20873865893633398,47.50714285714287,615.0,0.02302733327131027,0.37879913694791373,601.0,0.0,0.36577929159429723,601.0,0.0,0.5016545967410595,601.0,0.0,0.5016545967410595,601.0,-0.10524403632861555,0.596917274319655,0.37879913694791373
2021-07-28,615.0,615.0,676.4,620.2,0,0.0,0.0,8.0,0.125,0.25,0.0,0.0,0.013750000000000002,1,0.16347784899011503,0.11559629559470039,0.37879913694791373,0.41522746673380906,0.31682843101785335,0.3510435052490451,609.4,1.0091893665900886,605.2,1.016192994051553,629.78,0.9765314871860015,733.3560000000001,0.838610442949945,754.9195,0.8146563971390327,17.34820322180917,-36.48020445333714,-43.4236324001348,629.78,694.0382814650484,565.5217185349516,0.20406580540839156,47.12857142857143,615.0,0.0,0.37879913694791373,615.0,0.02302733327131027,0.37879913694791373,601.0,0.0,0.36577929159429723,601.0,0.0,0.5016545967410595,601.0,0.0,0.596917274319655,0.3770768761448409
2021-07-29,615.0,615.0,640.0,625.0,0,0.0,0.0,8.0,0.125,0.25,0.0,0.0,0.013750000000000002,1,0.16347784899011503,0.11559629559470039,0.3770768761448409,0.41522746673380906,0.31682843101785335,0.3510435052490451,612.2,1.0045736687357072,606.6,1.0138476755687438,627.1450000000001,0.9806344625246154,727.056,0.8458770713672674,755.9934999999999,0.8134990578622701,17.34820322180917,-33.981880627886994,-41.535282045685236,627.1450000000001,689.138224587338,565.1517754126622,0.19769981292153443,44.15,615.0,0.0,0.37879913694791373,615.0,0.0,0.37879913694791373,615.0,0.02302733327131027,0.37879913694791373,601.0,0.0,0.5016545967410595,601.0,0.0,0.596917274319655,0.3770768761448409
2021-07-30,615.0,615.0,674.8,625.0,0,0.0,0.0,8.0,0.125,0.25,0.0,0.0,0.013750000000000002,1,0.16347784899011503,0.11559629559470039,0.3770768761448409,0.41522746673380906,0.31682843101785335,0.3510435052490451,615.0,1.0,608.0,1.011513157894737,624.51,0.9847720612960561,720.7560000000001,0.8532707323976491,757.0675,0.8123450022620176,17.34820322180917,-31.637246512472984,-39.55567493904279,624.51,683.6600109000238,565.3599890999761,0.18942854686081523,43.65714285714285,615.0,0.0,0.3770768761448409,615.0,0.0,0.37879913694791373,615.0,0.0,0.37879913694791373,601.0,0.0,0.36577929159429723,601.0,0.0,0.5016545967410595,0.3770768761448409
2021-08-02,615.0,615.0,672.0,621.4,0,0.0,0.0,8.0,0.125,0.25,0.0,0.0,0.013750000000000002,1,0.0,0.11559629559470039,0.3770768761448409,0.41522746673380906,0.31672164366762456,0.3510435052490451,615.0,1.0,609.4,1.0091893665900886,621.875,0.9889447236180905,716.316,0.8585596301073828,758.1415,0.8111942163830895,100.0,-29.439744040140226,-37.53248875926228,621.875,677.5150792689216,566.2349207310784,0.17894296850306435,42.96428571428571,615.0,0.0,0.3770768761448409,615.0,0.0,0.3770768761448409,615.0,0.0,0.37879913694791373,615.0,0.02302733327131027,0.37879913694791373,601.0,0.0,0.5016545967410595,0.4294314958520298
2021-08-03,650.0,615.0,650.0,650.0,0,0.0553500950831649,0.05691056910569103,8.0,0.125,0.25,0.0,0.0,0.013750000000000002,1,0.392946694216984,0.2888399060400143,0.4294314958520298,0.4331535775023676,0.30898422905125966,0.35502681677286685,622.0,1.045016077170418,614.3,1.0581149275598243,620.99,1.0467157281115638,712.576,0.9121834021914855,759.3405,0.8560059683369977,100.0,-24.590535618339572,-34.94409813107774,620.99,674.0650372486596,567.9149627513405,0.170936850025474,45.46428571428571,615.0,0.0,0.3770768761448409,615.0,0.0,0.3770768761448409,615.0,0.0,0.3770768761448409,615.0,0.0,0.37879913694791373,601.0,0.0,0.5016545967410595,0.4294314958520298
2021-08-04,650.0,650.0,714.9,677.0,0,0.0,0.0,8.0,0.125,0.25,0.0,0.0,0.013750000000000002,1,0.392946694216984,0.2888399060400143,0.4294314958520298,0.4331535775023676,0.308404894116478,0.35502681677286685,629.0,1.0333863275039745,619.2,1.0497416020671835,620.105,1.0482095774102773,708.836,0.9169963150855769,760.5395,0.8546564642599103,100.0,-20.51106422669136,-32.057491350200465,620.105,670.4190652093823,569.7909347906177,0.16227595394129157,43.09999999999999,650.0,0.0553500950831649,0.4294314958520298,615.0,0.0,0.3770768761448409,615.0,0.0,0.3770768761448409,615.0,0.0,0.37879913694791373,601.0,0.0,0.5016545967410595,0.4294314958520298
2021-08-05,650.0,650.0,713.0,685.0,0,0.0,0.0,8.0,0.125,0.25,0.0,0.0,0.013750000000000002,1,0.392946694216984,0.2888399060400143,0.4294314958520298,0.4331535775023676,0.308404894116478,0.35502681677286685,636.0,1.0220125786163523,624.1,1.0414997596539015,619.22,1.0497076967798198,705.096,0.9218602856915937,761.7384999999999,0.8533112085052811,100.0,-17.08115286028101,-29.062223652216574,619.22,666.5428819694445,571.8971180305556,0.15284674903731932,43.07142857142856,650.0,0.0,0.4294314958520298,650.0,0.0553500950831649,0.4294314958520298,615.0,0.0,0.3770768761448409,615.0,0.0,0.3770768761448409,601.0,0.0,0.5016545967410595,0.4294314958520298
2021-08-06,650.0,650.0,714.8,685.1,0,0.0,0.0,8.0,0.125,0.25,0.0,0.0,0.013750000000000002,1,0.392946694216984,0.2888399060400143,0.4294314958520298,0.4331535775023676,0.308404894116478,0.35502681677286685,643.0,1.010886469673406,629.0,1.0333863275039745,618.335,1.0512101045549742,701.3560000000001,0.9267761308094604,762.9375,0.8519701810436635,100.0,-14.199243352577355,-26.089627592288732,618.335,662.3896204040689,574.2803795959312,0.14249434498797198,44.914285714285704,650.0,0.0,0.4294314958520298,650.0,0.0,0.4294314958520298,650.0,0.0553500950831649,0.4294314958520298,615.0,0.0,0.3770768761448409,601.0,0.0,0.36577929159429723,0.4294314958520298
2021-08-09,650.0,650.0,714.0,685.1,0,0.0,0.0,8.0,0.125,0.25,0.0,0.0,0.013750000000000002,1,0.392946694216984,0.27785527212566596,0.4294314958520298,0.4331535775023676,0.308404894116478,0.35502681677286685,650.0,1.0,632.5,1.0276679841897234,617.45,1.0527168191756417,697.6160000000001,0.9317446847549367,764.1365,0.8506333619713232,100.0,-11.779522304062198,-23.227606534643428,617.45,657.8921614290316,577.0078385709685,0.13099736473894746,47.29999999999999,650.0,0.0,0.4294314958520298,650.0,0.0,0.4294314958520298,650.0,0.0,0.4294314958520298,615.0,0.0,0.3770768761448409,615.0,0.02302733327131027,0.37879913694791373,0.5445113108153053
2021-08-10,715.0,650.0,715.0,715.0,0,0.09531017980432493,0.10000000000000009,8.0,0.125,0.25,0.0,0.0,0.013750000000000002,1,0.6766351534367473,0.5259075238097101,0.5445113108153053,0.47787390443844313,0.33819248978751554,0.3669517590544504,663.0,1.0784313725490196,642.5,1.11284046692607,623.15,1.1473962930273611,695.176,1.0285165195576371,765.6605000000001,0.9338342516036806,100.0,-4.564304704182064,-19.494946168551156,623.15,681.845557081025,564.4544429189749,0.1883833975159274,48.38571428571428,650.0,0.0,0.4294314958520298,650.0,0.0,0.4294314958520298,650.0,0.0,0.4294314958520298,650.0,0.0553500950831649,0.4294314958520298,615.0,0.0,0.37879913694791373,0.39885833922286107
2021-08-11,750.0,715.0,750.0,715.0,0,0.04779066383634848,0.04895104895104896,8.0,0.125,0.25,0.0,0.0,0.013750000000000002,1,0.6768764148272406,0.5420455113494003,0.39885833922286107,0.4889994417093162,0.34546217111327054,0.3696800414159567,683.0,1.0980966325036603,656.0,1.1432926829268293,630.6,1.1893434823977165,693.436,1.0815706135822194,767.3595,0.9773776176616045,100.0,3.9326812182787307,-14.80942069118518,630.6,711.196199466354,550.0038005336461,0.2556175054435583,48.77857142857142,715.0,0.09531017980432493,0.5445113108153053,650.0,0.0,0.4294314958520298,650.0,0.0,0.4294314958520298,650.0,0.0,0.4294314958520298,615.0,0.0,0.37879913694791373,0.39885833922286107
2021-08-12,750.0,750.0,784.8,755.0,0,0.0,0.0,8.0,0.125,0.25,0.0,0.0,0.013750000000000002,1,0.6768764148272406,0.5420455113494003,0.39885833922286107,0.4889994417093162,0.34546217111327054,0.3696800414159567,703.0,1.0668563300142246,669.5,1.1202389843166543,638.05,1.1754564689287674,691.696,1.0842913649927135,769.0584999999999,0.9752184001607161,100.0,10.545047041081034,-9.738527144731936,638.05,733.3334552380661,542.7665447619338,0.29867081024391867,49.19285714285713,750.0,0.04779066383634848,0.39885833922286107,715.0,0.09531017980432493,0.5445113108153053,650.0,0.0,0.4294314958520298,650.0,0.0,0.4294314958520298,615.0,0.0,0.3770768761448409,0.39885833922286107
2021-08-13,750.0,750.0,770.0,675.0,0,0.0,0.0,8.0,0.125,0.25,0.0,0.0,0.013750000000000002,1,0.6768764148272406,0.5420455113494003,0.39885833922286107,0.4889994417093162,0.34546217111327054,0.3696800414159567,723.0,1.037344398340249,683.0,1.0980966325036603,645.5,1.1618900077459333,689.956,1.0870258393288847,770.7575,0.973068701893916,100.0,15.60550405847789,-4.669720904089971,645.5,751.3051834368457,539.6948165631543,0.3278239610746575,54.97857142857141,750.0,0.0,0.39885833922286107,750.0,0.04779066383634848,0.39885833922286107,715.0,0.09531017980432493,0.5445113108153053,650.0,0.0,0.4294314958520298,615.0,0.0,0.3770768761448409,0.39885833922286107
2021-08-16,750.0,750.0,730.0,678.1,0,0.0,0.0,8.0,0.125,0.25,0.0,0.0,0.013750000000000002,1,0.6768764148272406,0.5420455113494003,0.39885833922286107,0.4889994417093162,0.34546217111327054,0.3696800414159567,743.0,1.009421265141319,696.5,1.0768126346015794,652.95,1.1486331265793706,688.216,1.0897741406767643,772.4564999999999,0.9709284600492067,100.0,19.392409082837503,0.1427050932955236,652.95,766.2776107946356,539.6223892053645,0.3471249277728327,56.899999999999984,750.0,0.0,0.39885833922286107,750.0,0.0,0.39885833922286107,750.0,0.04779066383634848,0.39885833922286107,650.0,0.0,0.4294314958520298,615.0,0.0,0.3770768761448409,0.39885833922286107
2021-08-17,750.0,750.0,750.0,700.4,0,0.0,0.0,8.0,0.125,0.25,0.0,0.0,0.013750000000000002,1,0.33928005617175727,0.5108477246862927,0.39885833922286107,0.4889994417093162,0.34546217111327054,0.3696800414159567,750.0,1.0,706.5,1.0615711252653928,660.4,1.1356753482737736,686.4760000000001,1.0925363741776841,774.1555000000001,0.9687976123659909,100.0,22.138361348841954,4.5418363444048095,660.4,778.8236818421551,541.9763181578448,0.3586422829865389,56.05714285714284,750.0,0.0,0.39885833922286107,750.0,0.0,0.39885833922286107,750.0,0.0,0.39885833922286107,715.0,0.09531017980432493,0.5445113108153053,650.0,0.0553500950831649,0.4294314958520298,0.39885833922286107
2021-08-18,750.0,750.0,749.8,675.0,0,0.0,0.0,8.0,0.125,0.25,0.0,0.0,0.013750000000000002,1,0.0,0.5108477246862927,0.39885833922286107,0.4889994417093162,0.34546217111327054,0.3696800414159567,750.0,1.0,716.5,1.0467550593161201,667.85,1.1230066631728681,684.7360000000001,1.095312646041686,775.8544999999999,0.9666760971290366,100.0,24.03745943361639,8.440960962247127,667.85,789.2493410196257,546.4506589803743,0.36355271698622654,59.62857142857142,750.0,0.0,0.39885833922286107,750.0,0.0,0.39885833922286107,750.0,0.0,0.39885833922286107,750.0,0.04779066383634848,0.39885833922286107,650.0,0.0,0.4294314958520298,0.39885833922286107
2021-08-19,750.0,750.0,740.0,676.3,0,0.0,0.0,8.0,0.125,0.25,0.0,0.0,0.013750000000000002,1,0.0,0.5108477246862927,0.39885833922286107,0.44295502429648576,0.34546217111327054,0.35972406485136055,750.0,1.0,726.5,1.032346868547832,675.3,1.1106175033318526,682.9960000000001,1.0981030635611335,777.5534999999999,0.9645638531625157,100.0,25.25142563184579,11.80305389616686,675.3,797.7093219704389,552.8906780295611,0.36253316147027664,60.62142857142857,750.0,0.0,0.39885833922286107,750.0,0.0,0.39885833922286107,750.0,0.0,0.39885833922286107,750.0,0.0,0.39885833922286107,650.0,0.0,0.4294314958520298,0.39885833922286107
2021-08-20,750.0,750.0,723.7,680.0,0,0.0,0.0,8.0,0.125,0.25,0.0,0.0,0.013750000000000002,1,0.0,0.5108477246862927,0.39885833922286107,0.44295502429648576,0.34546217111327054,0.35972406485136055,750.0,1.0,736.5,1.0183299389002036,682.75,1.0984987184181618,681.2560000000001,1.1009077351245344,779.2525,0.9624608198241262,100.0,25.914773215850573,14.625397760103603,682.75,804.2526532090618,561.2473467909382,0.35592135689216203,61.55,750.0,0.0,0.39885833922286107,750.0,0.0,0.39885833922286107,750.0,0.0,0.39885833922286107,750.0,0.0,0.39885833922286107,650.0,0.0,0.4294314958520298,0.39885833922286107
2021-08-23,750.0,750.0,724.0,677.4,0,0.0,0.0,8.0,0.125,0.25,0.0,0.0,0.013750000000000002,1,0.0,0.5108477246862927,0.39885833922286107,0.44295502429648576,0.34546217111327054,0.35972406485136055,750.0,1.0,746.5,1.0046885465505693,689.5,1.0877447425670776,679.5160000000001,1.1037267702305757,780.9514999999999,0.9603669369992888,100.0,26.139164933052598,16.928151194693402,689.5,810.1517389234925,568.8482610765075,0.3499687858549457,64.23571428571428,750.0,0.0,0.39885833922286107,750.0,0.0,0.39885833922286107,750.0,0.0,0.39885833922286107,750.0,0.0,0.39885833922286107,650.0,0.0,0.4294314958520298,0.3977544882479151
2021-08-24,750.0,750.0,725.0,700.0,0,0.0,0.0,8.0,0.125,0.25,0.0,0.0,0.013750000000000002,1,0.0,0.23990722844040227,0.3977544882479151,0.44295502429648576,0.34546217111327054,0.35972406485136055,750.0,1.0,750.0,1.0,696.25,1.0771992818671454,677.7760000000001,1.1065602795023723,782.6505000000001,0.9582821450954161,100.0,26.017088188033654,18.745938593361455,696.25,814.4325082791754,578.0674917208246,0.33948296812689527,63.17142857142857,750.0,0.0,0.39885833922286107,750.0,0.0,0.39885833922286107,750.0,0.0,0.39885833922286107,750.0,0.0,0.39885833922286107,715.0,0.09531017980432493,0.5445113108153053,0.3977544882479151
2021-08-25,750.0,750.0,700.0,696.0,0,0.0,0.0,8.0,0.125,0.25,0.0,0.0,0.013750000000000002,1,0.0,0.0,0.3977544882479151,0.44295502429648576,0.34546217111327054,0.35972406485136055,750.0,1.0,750.0,1.0,703.0,1.0668563300142246,676.0360000000001,1.1094083747019388,784.3494999999999,0.9562063850362627,100.0,25.62495298110389,20.121741470909942,703.0,816.9898425761078,589.0101574238922,0.32429542695905483,62.528571428571425,750.0,0.0,0.3977544882479151,750.0,0.0,0.39885833922286107,750.0,0.0,0.39885833922286107,750.0,0.0,0.39885833922286107,750.0,0.04779066383634848,0.39885833922286107,0.3977544882479151
2021-08-26,750.0,750.0,700.0,696.0,0,0.0,0.0,8.0,0.125,0.25,0.0,0.0,0.013750000000000002,1,0.0,0.0,0.3977544882479151,0.44295502429648576,0.34546217111327054,0.35972406485136055,750.0,1.0,750.0,1.0,709.75,1.056710109193378,675.97,1.1095166945278636,786.0484999999999,0.9541395982563419,100.0,25.025702286431283,21.10253363401421,709.75,817.6229759827175,601.8770240172825,0.3039745712792323,61.75714285714286,750.0,0.0,0.3977544882479151,750.0,0.0,0.3977544882479151,750.0,0.0,0.39885833922286107,750.0,0.0,0.39885833922286107,750.0,0.0,0.39885833922286107,0.3977544882479151
2021-08-27,750.0,750.0,724.8,695.0,0,0.0,0.0,8.0,0.125,0.25,0.0,0.0,0.013750000000000002,1,0.0,0.0,0.3977544882479151,0.44295502429648576,0.34546217111327054,0.35972406485136055,750.0,1.0,750.0,1.0,716.5,1.0467550593161201,675.904,1.109625035508001,787.7475,0.9520817266954196,100.0,24.271010690474895,21.73622904530635,716.5,815.9775827696058,617.0224172303942,0.27767643480699444,61.114285714285714,750.0,0.0,0.3977544882479151,750.0,0.0,0.3977544882479151,750.0,0.0,0.3977544882479151,750.0,0.0,0.39885833922286107,750.0,0.0,0.39885833922286107,0.3977544882479151
2021-08-30,750.0,750.0,740.0,681.0,0,0.0,0.0,8.0,0.125,0.25,0.0,0.0,0.013750000000000002,1,0.0,0.0,0.3977544882479151,0.44295502429648576,0.34546217111327054,0.35972406485136055,750.0,1.0,750.0,1.0,723.25,1.0369858278603525,675.8380000000001,1.1097333976485488,789.4464999999999,0.9500327127930773,100.0,23.40313538662906,22.06961031357089,723.25,811.405066726044,635.094933273956,0.24377481293064354,61.4,750.0,0.0,0.3977544882479151,750.0,0.0,0.3977544882479151,750.0,0.0,0.3977544882479151,750.0,0.0,0.39885833922286107,750.0,0.0,0.39885833922286107,0.3977544882479151
2021-09-10,715.0,750.0,715.0,715.0,0,-0.04779066383634844,-0.046666666666666634,8.0,0.125,0.25,0.0,0.0,0.013750000000000002,1,0.33928005617175716,0.23990722844040221,0.1655517157840001,0.45240265356896864,0.351543790543869,0.3632413226444107,743.0,0.9623149394347241,746.5,0.9578030810448761,748.25,0.9555629802873371,685.704,1.0427239741929464,802.612,0.8908414028197934,0.0,11.656644123054093,17.12319458987438,748.25,763.9024758424986,732.5975241575014,0.041837556545268495,56.51428571428572,750.0,0.0,0.0,750.0,0.0,0.16555171578400038,750.0,0.0,0.3618698812766364,750.0,0.0,0.3618698812766364,750.0,0.0,0.3977544882479151,0.1655517157840001
2021-09-13,715.0,715.0,714.0,681.7,0,0.0,0.0,8.0,0.125,0.25,0.0,0.0,0.013750000000000002,1,0.33928005617175716,0.23990722844040221,0.1655517157840001,0.45240265356896864,0.351543790543869,0.3632413226444107,736.0,0.9714673913043478,743.0,0.9623149394347241,746.5,0.9578030810448761,686.65,1.0412874098885896,803.687,0.8896498263627507,0.0,8.605679026165149,15.419691477132535,746.5,768.0455453937882,724.9544546062118,0.05772416716353165,55.32142857142857,715.0,-0.04779066383634844,0.1655517157840001,750.0,0.0,0.0,750.0,0.0,0.16555171578400038,750.0,0.0,0.3618698812766364,750.0,0.0,0.3977544882479151,0.1655517157840001
2021-09-14,715.0,715.0,681.6,681.6,0,0.0,0.0,8.0,0.125,0.25,0.0,0.0,0.013750000000000002,1,0.33928005617175716,0.23990722844040221,0.1655517157840001,0.40121590675491975,0.351543790543869,0.3632413226444107,729.0,0.9807956104252401,739.5,0.966869506423259,744.75,0.9600537092984223,687.596,1.0398547984572335,804.762,0.8884614333181736,0.0,6.117251340270286,13.559203449760085,744.75,770.3943283972766,719.1056716027234,0.06886694433642586,53.85,715.0,0.0,0.1655517157840001,715.0,-0.04779066383634844,0.1655517157840001,750.0,0.0,0.0,750.0,0.0,0.3618698812766364,750.0,0.0,0.3977544882479151,0.1655517157840001
2021-09-15,715.0,715.0,713.0,681.5,0,0.0,0.0,8.0,0.125,0.25,0.0,0.0,0.013750000000000002,1,0.33928005617175716,0.23990722844040221,0.1655517157840001,0.40121590675491975,0.351543790543869,0.3632413226444107,722.0,0.9903047091412742,736.0,0.9714673913043478,743.0,0.9623149394347241,688.5419999999999,1.0384261236061127,805.712,0.8874138650038723,0.0,4.097916243454961,11.666946008499062,743.0,771.7273938583843,714.2726061416157,0.07732811267398193,52.385714285714286,715.0,0.0,0.1655517157840001,715.0,0.0,0.1655517157840001,715.0,-0.04779066383634844,0.1655517157840001,750.0,0.0,0.16555171578400038,750.0,0.0,0.3618698812766364,0.1655517157840001
2021-09-16,715.0,715.0,715.0,685.3,0,0.0,0.0,8.0,0.125,0.25,0.0,0.0,0.013750000000000002,1,0.33928005617175716,0.23990722844040221,0.1655517157840001,0.40121590675491975,0.351543790543869,0.3632413226444107,715.0,1.0,732.5,0.9761092150170648,741.25,0.9645868465430016,689.488,1.0370013691318776,806.6619999999999,0.8863687641168173,0.0,2.4691161961670787,9.827380046032665,741.25,772.3483160823523,710.1516839176477,0.08390776683265379,50.57857142857143,715.0,0.0,0.1655517157840001,715.0,0.0,0.1655517157840001,715.0,0.0,0.1655517157840001,750.0,0.0,0.0,750.0,0.0,0.3618698812766364,0.1655517157840001
2021-09-17,715.0,715.0,715.0,681.7,0,0.0,0.0,8.0,0.125,0.25,0.0,0.0,0.013750000000000002,1,0.0,0.23990722844040221,0.1655517157840001,0.40121590675491975,0.351543790543869,0.3632413226444107,715.0,1.0,729.0,0.9807956104252401,739.5,0.966869506423259,690.434,1.0355805189199838,807.562,0.8853809366958821,0.0,1.1648527266831934,8.09487458216277,739.5,772.4113642187139,706.5886357812861,0.08900977476325586,48.028571428571425,715.0,0.0,0.1655517157840001,715.0,0.0,0.1655517157840001,715.0,0.0,0.1655517157840001,715.0,-0.04779066383634844,0.1655517157840001,750.0,0.0,0.3618698812766364,0.1655517157840001
2021-09-20,715.0,715.0,715.0,681.7,0,0.0,0.0,8.0,0.125,0.25,0.0,0.0,0.013750000000000002,1,0.0,0.23990722844040221,0.1655517157840001,0.40121590675491975,0.351543790543869,0.3632413226444107,715.0,1.0,725.5,0.9855272226051,737.75,0.9691629955947136,691.38,1.0341635569440828,808.462,0.8843953086230398,0.0,0.12971920812253757,6.5018435073547245,737.75,772.0052339450715,703.4947660549285,0.09286407033567332,45.50714285714285,715.0,0.0,0.1655517157840001,715.0,0.0,0.1655517157840001,715.0,0.0,0.1655517157840001,715.0,0.0,0.1655517157840001,750.0,0.0,0.3618698812766364,0.1655517157840001
2021-09-21,715.0,715.0,715.0,690.0,0,0.0,0.0,8.0,0.125,0.25,0.0,0.0,0.013750000000000002,1,0.0,0.23990722844040221,0.1655517157840001,0.3404204373545084,0.351543790543869,0.3632413226444107,715.0,1.0,722.0,0.9903047091412742,736.0,0.9714673913043478,693.66,1.0307643514113543,809.362,0.8834118725613508,0.0,-0.682761117907944,5.0649225823021915,736.0,771.1837282965024,700.8162717034976,0.0956079573274522,42.39285714285713,715.0,0.0,0.1655517157840001,715.0,0.0,0.1655517157840001,715.0,0.0,0.1655517157840001,715.0,0.0,0.1655517157840001,750.0,0.0,0.3618698812766364,0.1655517157840001
2021-09-22,715.0,715.0,728.0,682.4,0,0.0,0.0,8.0,0.125,0.25,0.0,0.0,0.013750000000000002,1,0.0,0.23990722844040221,0.1655517157840001,0.3404204373545084,0.351543790543869,0.3632413226444107,715.0,1.0,718.5,0.9951287404314544,734.25,0.9737827715355806,695.94,1.027387418455614,809.9945,0.8827220431743672,0.0,-1.3115390244228138,3.7896302609571904,734.25,769.9792449873828,698.5207550126172,0.09732174324108356,44.20714285714285,715.0,0.0,0.1655517157840001,715.0,0.0,0.1655517157840001,715.0,0.0,0.1655517157840001,715.0,0.0,0.1655517157840001,750.0,0.0,0.16555171578400038,0.1655517157840001
2021-09-23,715.0,715.0,725.0,682.0,0,0.0,0.0,8.0,0.125,0.25,0.0,0.0,0.013750000000000002,1,0.0,0.23990722844040221,0.1655517157840001,0.3404204373545084,0.351543790543869,0.3632413226444107,715.0,1.0,715.0,1.0,732.5,0.9761092150170648,698.22,1.0240325398871415,810.627,0.8820332902802399,0.0,-1.7892249736931944,2.6738592140271136,732.5,768.4092423229804,696.5907576770196,0.0980457128272502,42.0642857142857,715.0,0.0,0.1655517157840001,715.0,0.0,0.1655517157840001,715.0,0.0,0.1655517157840001,715.0,0.0,0.1655517157840001,750.0,0.0,0.0,0.1655517157840001
2021-09-24,715.0,715.0,700.2,690.0,0,0.0,0.0,8.0,0.125,0.25,0.0,0.0,0.013750000000000002,1,0.0,0.0,0.1655517157840001,0.3404204373545084,0.351543790543869,0.3632413226444107,715.0,1.0,715.0,1.0,730.75,0.9784468012316113,700.5,1.020699500356888,811.2595,0.8813456113610996,0.0,-2.14309031886296,1.710469307449099,730.75,766.4792449873828,695.0207550126172,0.09778787543587492,40.27857142857142,715.0,0.0,0.1655517157840001,715.0,0.0,0.1655517157840001,715.0,0.0,0.1655517157840001,715.0,0.0,0.1655517157840001,715.0,-0.04779066383634844,0.1655517157840001,0.1655517157840001
2021-09-27,715.0,715.0,723.8,690.0,0,0.0,0.0,8.0,0.125,0.25,0.0,0.0,0.013750000000000002,1,0.0,0.0,0.1655517157840001,0.3388414106513008,0.351543790543869,0.3632413226444107,715.0,1.0,715.0,1.0,729.0,0.9807956104252401,702.78,1.017388087310396,811.8919999999999,0.8806590039069236,0.0,-2.3959125657182767,0.8891929328156241,729.0,764.1837282965024,693.8162717034976,0.0965260035569339,37.54999999999999,715.0,0.0,0.1655517157840001,715.0,0.0,0.1655517157840001,715.0,0.0,0.1655517157840001,715.0,0.0,0.1655517157840001,715.0,0.0,0.1655517157840001,0.1655517157840001
2021-09-28,715.0,715.0,715.0,685.0,0,0.0,0.0,8.0,0.125,0.25,0.0,0.0,0.013750000000000002,1,0.0,0.0,0.1655517157840001,0.3388414106513008,0.351543790543869,0.3632413226444107,715.0,1.0,715.0,1.0,727.25,0.983155723616363,705.06,1.014098090942615,812.2669999999999,0.8802524293120366,0.0,-2.566688826750692,0.19801658090236085,727.25,761.5052339450715,692.9947660549285,0.09420483725011068,34.407142857142844,715.0,0.0,0.1655517157840001,715.0,0.0,0.1655517157840001,715.0,0.0,0.1655517157840001,715.0,0.0,0.1655517157840001,715.0,0.0,0.1655517157840001,0.1655517157840001
2021-09-29,715.0,715.0,714.8,653.4,0,0.0,0.0,8.0,0.125,0.25,0.0,0.0,0.013750000000000002,1,0.0,0.0,0.1655517157840001,0.3388414106513008,0.351543790543869,0.3632413226444107,715.0,1.0,715.0,1.0,725.5,0.9855272226051,707.34,1.0108293041535894,812.6419999999999,0.8798462299511963,0.0,-2.6712378765423637,-0.3758343105865841,725.5,758.4113642187139,692.5886357812861,0.09072739963808092,35.39285714285713,715.0,0.0,0.1655517157840001,715.0,0.0,0.1655517157840001,715.0,0.0,0.1655517157840001,715.0,0.0,0.1655517157840001,715.0,0.0,0.1655517157840001,0.1655517157840001
2021-10-05,760.0,715.0,760.0,760.0,0,0.06103589058636909,0.06293706293706292,8.0,0.125,0.25,0.0,0.0,0.013750000000000002,1,0.433311838009798,0.30639773902513495,0.2749768440248003,0.35941061088910314,0.3626944764961093,0.3679160451792358,724.0,1.0497237569060773,719.5,1.0562890896455872,722.5,1.0519031141868511,714.8,1.06323447118075,813.992,0.9336701097799487,100.0,0.8815873806108812,-0.8017372362895863,722.5,753.5347852374854,691.4652147625146,0.08590944010376576,31.77142857142857,715.0,0.0,0.1655517157840001,715.0,0.0,0.1655517157840001,715.0,0.0,0.1655517157840001,715.0,0.0,0.1655517157840001,715.0,0.0,0.1655517157840001,0.2749768440248003
2021-10-06,760.0,760.0,820.0,700.4,0,0.0,0.0,8.0,0.125,0.25,0.0,0.0,0.013750000000000002,1,0.433311838009798,0.30639773902513495,0.2749768440248003,0.35941061088910314,0.3626944764961093,0.3679160451792358,733.0,1.0368349249658937,724.0,1.0497237569060773,723.0,1.0511756569847857,717.7,1.0589382750452834,814.592,0.9329824010056569,100.0,3.702703474162149,0.0991509058007608,723.0,756.1503750871849,689.8496249128151,0.09170228239885173,37.92142857142857,760.0,0.06103589058636909,0.2749768440248003,715.0,0.0,0.1655517157840001,715.0,0.0,0.1655517157840001,715.0,0.0,0.1655517157840001,715.0,0.0,0.1655517157840001,0.2749768440248003
2021-10-07,760.0,760.0,804.8,713.4,0,0.0,0.0,8.0,0.125,0.25,0.0,0.0,0.013750000000000002,1,0.433311838009798,0.30639773902513495,0.2749768440248003,0.35941061088910314,0.3626944764961093,0.3679160451792358,742.0,1.0242587601078168,728.5,1.0432395332875772,723.5,1.050449205252246,720.6,1.054676658340272,814.872,0.9326618168252192,100.0,5.870783564845851,1.253477437609779,723.5,758.6088532844262,688.3911467155738,0.09705280797353485,42.32857142857142,760.0,0.0,0.2749768440248003,760.0,0.06103589058636909,0.2749768440248003,715.0,0.0,0.1655517157840001,715.0,0.0,0.1655517157840001,715.0,0.0,0.1655517157840001,0.2749768440248003
2021-10-08,760.0,760.0,804.0,761.4,0,0.0,0.0,8.0,0.125,0.25,0.0,0.0,0.013750000000000002,1,0.433311838009798,0.30639773902513495,0.2749768440248003,0.35941061088910314,0.3626944764961093,0.3679160451792358,751.0,1.0119840213049267,733.0,1.0368349249658937,724.0,1.0497237569060773,723.5,1.050449205252246,815.1519999999999,0.9323414528824073,100.0,7.502518296123867,2.503285609312597,724.0,760.9352206750656,687.0647793249344,0.10203099633996017,43.09285714285714,760.0,0.0,0.2749768440248003,760.0,0.0,0.2749768440248003,760.0,0.06103589058636909,0.2749768440248003,715.0,0.0,0.1655517157840001,715.0,0.0,0.1655517157840001,0.2749768440248003
2021-10-11,760.0,760.0,780.0,761.0,0,0.0,0.0,8.0,0.125,0.25,0.0,0.0,0.013750000000000002,1,0.433311838009798,0.30639773902513495,0.2749768440248003,0.28580280362932925,0.3626944764961093,0.3679160451792358,760.0,1.0,737.5,1.0305084745762711,726.25,1.0464716006884682,726.4,1.0462555066079295,815.432,0.9320213089503477,100.0,8.695444159135263,3.7417173192771305,726.25,766.2335492487388,686.2664507512612,0.1101096020619312,42.142857142857146,760.0,0.0,0.2749768440248003,760.0,0.0,0.2749768440248003,760.0,0.0,0.2749768440248003,715.0,0.0,0.1655517157840001,715.0,0.0,0.1655517157840001,0.21143452716161246
2021-10-12,760.0,760.0,778.4,761.0,0,0.0,0.0,8.0,0.125,0.25,0.0,0.0,0.013750000000000002,1,0.0,0.30639773902513495,0.21143452716161246,0.28580280362932925,0.3626944764961093,0.36461536887961615,760.0,1.0,742.0,1.0242587601078168,728.5,1.0432395332875772,729.3,1.0420951597422186,815.36,0.9321036106750392,100.0,9.530979303555682,4.8995697161328415,728.5,770.8146111383464,686.1853888616536,0.11616914519793119,41.67142857142857,760.0,0.0,0.2749768440248003,760.0,0.0,0.2749768440248003,760.0,0.0,0.2749768440248003,760.0,0.06103589058636909,0.2749768440248003,715.0,0.0,0.1655517157840001,0.21143452716161246
2021-10-13,760.0,760.0,777.9,760.0,0,0.0,0.0,8.0,0.125,0.25,0.0,0.0,0.013750000000000002,1,0.0,0.30639773902513495,0.21143452716161246,0.28580280362932925,0.3626944764961093,0.36461536887961615,760.0,1.0,746.5,1.0180843938379103,730.75,1.0400273691412931,731.5,1.0389610389610389,815.288,0.9321859269362482,100.0,10.076985706693563,5.935052914244986,730.75,774.7924436436633,686.7075563563367,0.1205403862980864,39.692857142857136,760.0,0.0,0.21143452716161246,760.0,0.0,0.2749768440248003,760.0,0.0,0.2749768440248003,760.0,0.0,0.2749768440248003,715.0,0.0,0.1655517157840001,0.21143452716161246
2021-10-14,760.0,760.0,769.0,760.0,0,0.0,0.0,8.0,0.125,0.25,0.0,0.0,0.013750000000000002,1,0.0,0.30639773902513495,0.21143452716161246,0.28580280362932925,0.3626944764961093,0.36461536887961615,760.0,1.0,751.0,1.0119840213049267,733.0,1.0368349249658937,733.7,1.0358457135068828,815.216,0.9322682577378265,100.0,10.389931057223976,6.826028542840784,733.0,778.2362220955031,687.7637779044969,0.12342761826876693,37.26428571428571,760.0,0.0,0.21143452716161246,760.0,0.0,0.21143452716161246,760.0,0.0,0.2749768440248003,760.0,0.0,0.2749768440248003,715.0,0.0,0.1655517157840001,0.21143452716161246
2021-10-15,760.0,760.0,768.9,761.0,0,0.0,0.0,8.0,0.125,0.25,0.0,0.0,0.013750000000000002,1,0.0,0.30639773902513495,0.21143452716161246,0.28580280362932925,0.3626944764961093,0.3639457610000379,760.0,1.0,755.5,1.0059563203176705,735.25,1.0336620197211832,735.9,1.032749014811795,815.1439999999999,0.932350603083627,100.0,10.516712388183919,7.564165311909411,735.25,781.1876006980636,689.3123993019364,0.12495777136501503,36.11428571428571,760.0,0.0,0.21143452716161246,760.0,0.0,0.21143452716161246,760.0,0.0,0.21143452716161246,760.0,0.0,0.2749768440248003,715.0,0.0,0.1655517157840001,0.21143452716161246
2021-10-18,760.0,760.0,768.8,761.0,0,0.0,0.0,8.0,0.125,0.25,0.0,0.0,0.013750000000000002,1,0.0,0.30639773902513495,0.21143452716161246,0.28580280362932925,0.3626944764961093,0.3639457610000379,760.0,1.0,760.0,1.0,737.5,1.0305084745762711,738.1,1.029670776317572,814.685,0.932875896819016,100.0,10.496193916563584,8.150571032840247,737.5,783.669025843832,691.330974156168,0.12520413788157816,34.32857142857142,760.0,0.0,0.21143452716161246,760.0,0.0,0.21143452716161246,760.0,0.0,0.21143452716161246,760.0,0.0,0.2749768440248003,715.0,0.0,0.1655517157840001,0.21143452716161246
2021-10-20,760.0,760.0,770.0,760.0,0,0.0,0.0,8.0,0.125,0.25,0.0,0.0,0.013750000000000002,1,0.0,0.0,0.21143452716161246,0.28580280362932925,0.3626944764961093,0.3639457610000379,760.0,1.0,760.0,1.0,739.75,1.0273741128759717,740.3,1.0266108334459003,814.2260000000001,0.933401782797405,100.0,10.360503445447193,8.592557515361637,739.75,785.6876006980636,693.8123993019364,0.1241976362232204,32.89999999999999,760.0,0.0,0.21143452716161246,760.0,0.0,0.21143452716161246,760.0,0.0,0.21143452716161246,760.0,0.0,0.21143452716161246,760.0,0.06103589058636909,0.2749768440248003,0.2140039058189351
2021-10-21,770.0,760.0,770.0,770.0,0,0.0130720815673527,0.013157894736842035,8.0,0.125,0.25,0.0,0.0,0.013750000000000002,1,0.09280257298037335,0.06562132866598146,0.2140039058189351,0.2863055133264557,0.36328154902211135,0.3640922459182699,762.0,1.010498687664042,761.0,1.011826544021025,742.5,1.037037037037037,741.4,1.0385756676557865,813.817,0.9461586572902754,100.0,10.93384562966719,9.060815138222747,742.5,788.7828830471686,696.2171169528314,0.12466769844355188,29.214285714285705,760.0,0.0,0.21143452716161246,760.0,0.0,0.21143452716161246,760.0,0.0,0.21143452716161246,760.0,0.0,0.21143452716161246,760.0,0.0,0.2749768440248003,0.2140039058189351
2021-10-22,770.0,770.0,795.0,770.0,0,0.0,0.0,8.0,0.125,0.25,0.0,0.0,0.013750000000000002,1,0.09280257298037335,0.06562132866598146,0.2140039058189351,0.2863055133264557,0.36328154902211135,0.3640922459182699,764.0,1.0078534031413613,762.0,1.010498687664042,745.25,1.033210332103321,741.8,1.0380156376381775,813.408,0.9466344073330972,100.0,11.258443117250636,9.500340734028326,745.25,791.1876006980636,699.3123993019364,0.12328104850201582,30.92857142857142,770.0,0.0130720815673527,0.2140039058189351,760.0,0.0,0.21143452716161246,760.0,0.0,0.21143452716161246,760.0,0.0,0.21143452716161246,760.0,0.0,0.2749768440248003,0.215981832065918
2021-10-25,780.0,770.0,780.0,780.0,0,0.012903404835907782,0.01298701298701288,8.0,0.125,0.25,0.0,0.0,0.013750000000000002,1,0.11293013604612528,0.08693289559930177,0.215981832065918,0.28426998405950427,0.3638467181867475,0.3642319501077862,768.0,1.015625,764.0,1.0209424083769634,748.5,1.0420841683366733,742.4,1.050646551724138,813.049,0.9593517733863519,100.0,12.182176839804583,10.036707955183578,748.5,794.6234042656505,702.3765957343495,0.12324222916673479,31.285714285714278,770.0,0.0,0.2140039058189351,770.0,0.0130720815673527,0.2140039058189351,760.0,0.0,0.21143452716161246,760.0,0.0,0.21143452716161246,760.0,0.0,0.2749768440248003,0.215981832065918
2021-10-26,780.0,780.0,780.0,780.0,0,0.0,0.0,8.0,0.125,0.25,0.0,0.0,0.013750000000000002,1,0.11293013604612528,0.08693289559930177,0.215981832065918,0.28426998405950427,0.3638467181867475,0.3642319501077862,772.0,1.0103626943005182,766.0,1.0182767624020888,751.75,1.0375789823744597,743.0,1.0497981157469718,812.69,0.9597755601766971,100.0,12.767071615711075,10.582780687289079,751.75,797.0879125654178,706.4120874345822,0.1206196543143806,28.071428571428562,780.0,0.012903404835907782,0.215981832065918,770.0,0.0,0.2140039058189351,770.0,0.0130720815673527,0.2140039058189351,760.0,0.0,0.21143452716161246,760.0,0.0,0.2749768440248003,0.215981832065918
2021-10-27,780.0,780.0,805.0,780.0,0,0.0,0.0,8.0,0.125,0.25,0.0,0.0,0.013750000000000002,1,0.11293013604612528,0.08693289559930177,0.215981832065918,0.28426998405950427,0.3638467181867475,0.3642319501077862,776.0,1.0051546391752577,768.0,1.015625,755.0,1.033112582781457,743.6,1.048951048951049,812.331,0.9601997215420808,100.0,13.07982881488897,11.082190312809058,755.0,798.5285750066007,711.4714249933993,0.11530748346119392,21.314285714285706,780.0,0.0,0.215981832065918,780.0,0.012903404835907782,0.215981832065918,770.0,0.0,0.2140039058189351,760.0,0.0,0.21143452716161246,760.0,0.0,0.21143452716161246,0.215981832065918
2021-10-28,780.0,780.0,829.9,805.0,0,0.0,0.0,8.0,0.125,0.25,0.0,0.0,0.013750000000000002,1,0.09160508697943662,0.08693289559930177,0.215981832065918,0.28426998405950427,0.3638467181867475,0.3642319501077862,778.0,1.0025706940874035,770.0,1.0129870129870129,758.25,1.0286844708209693,744.2,1.0481053480247244,811.972,0.9606242579793393,100.0,13.175808628320056,11.500913975911256,758.25,798.8085995813465,717.6914004186535,0.10697949114763329,18.34999999999999,780.0,0.0,0.215981832065918,780.0,0.0,0.215981832065918,780.0,0.012903404835907782,0.215981832065918,770.0,0.0130720815673527,0.2140039058189351,760.0,0.0,0.21143452716161246,0.215981832065918
2021-10-29,780.0,780.0,829.9,780.0,0,0.0,0.0,8.0,0.125,0.25,0.0,0.0,0.013750000000000002,1,0.09160508697943662,0.08693289559930177,0.215981832065918,0.28426998405950427,0.3638467181867475,0.3642319501077862,780.0,1.0,772.0,1.0103626943005182,761.5,1.0242941562705188,744.8,1.0472610096670247,811.613,0.961049169986188,100.0,13.100854822565793,11.820902145242165,761.5,797.642990876153,725.357009123847,0.09492578037072363,18.77142857142856,780.0,0.0,0.215981832065918,780.0,0.0,0.215981832065918,780.0,0.0,0.215981832065918,770.0,0.0,0.2140039058189351,760.0,0.0,0.21143452716161246,0.215981832065918
2021-11-01,780.0,780.0,805.0,800.0,0,0.0,0.0,8.0,0.125,0.25,0.0,0.0,0.013750000000000002,1,0.0,0.08693289559930177,0.215981832065918,0.28426998405950427,0.3638467181867475,0.3642319501077862,780.0,1.0,774.0,1.0077519379844961,764.75,1.0199411572409285,745.4,1.046418030587604,811.2539999999999,0.9614744580612239,100.0,12.892832840022606,12.035288284198254,764.75,794.3926080250425,735.1073919749575,0.07752234854538732,19.128571428571416,780.0,0.0,0.215981832065918,780.0,0.0,0.215981832065918,780.0,0.0,0.215981832065918,780.0,0.012903404835907782,0.215981832065918,760.0,0.0,0.21143452716161246,0.215981832065918
2021-11-02,780.0,780.0,805.0,791.3,0,0.0,0.0,8.0,0.125,0.25,0.0,0.0,0.013750000000000002,1,0.0,0.08693289559930177,0.215981832065918,0.2643047914191804,0.3638467181867475,0.3642319501077862,780.0,1.0,776.0,1.0051546391752577,768.0,1.015625,746.0,1.0455764075067024,810.895,0.9619001227039259,100.0,12.582925784297572,12.14481578421812,768.0,787.0290636437502,748.9709363562498,0.04955485323893279,19.59999999999999,780.0,0.0,0.215981832065918,780.0,0.0,0.215981832065918,780.0,0.0,0.215981832065918,780.0,0.0,0.215981832065918,760.0,0.0,0.21143452716161246,0.215981832065918
2021-11-03,780.0,780.0,850.0,791.0,0,0.0,0.0,8.0,0.125,0.25,0.0,0.0,0.013750000000000002,1,0.0,0.08693289559930177,0.215981832065918,0.2643047914191804,0.3638467181867475,0.3642319501077862,780.0,1.0,778.0,1.0025706940874035,769.0,1.0143042912873863,746.6,1.0447361371551032,810.5360000000001,0.9623261644146589,100.0,12.196725945375647,12.155197816449625,769.0,788.3581208309397,749.6418791690603,0.050346218025850965,23.321428571428562,780.0,0.0,0.215981832065918,780.0,0.0,0.215981832065918,780.0,0.0,0.215981832065918,780.0,0.0,0.215981832065918,760.0,0.0,0.21143452716161246,0.06201706895476705
2021-11-04,780.0,780.0,849.0,805.2,0,0.0,0.0,8.0,0.125,0.25,0.0,0.0,0.013750000000000002,1,0.0,0.06477457819434315,0.06201706895476705,0.2643047914191804,0.3638467181867475,0.3642319501077862,780.0,1.0,779.0,1.0012836970474968,770.0,1.0129870129870129,747.2,1.0438972162740898,810.177,0.9627525836946741,100.0,11.75515369613072,12.075188992385844,770.0,789.4665705356915,750.5334294643085,0.05056252087192602,27.60714285714285,780.0,0.0,0.215981832065918,780.0,0.0,0.215981832065918,780.0,0.0,0.215981832065918,780.0,0.0,0.215981832065918,770.0,0.0130720815673527,0.2140039058189351,0.06201706895476705
2021-11-05,780.0,780.0,850.0,805.1,0,0.0,0.0,8.0,0.125,0.25,0.0,0.0,0.013750000000000002,1,0.0,0.06477457819434315,0.06201706895476705,0.2643047914191804,0.3638467181867475,0.3642319501077862,780.0,1.0,780.0,1.0,771.0,1.0116731517509727,747.8,1.0430596416154052,809.818,0.9631793810461116,100.0,11.275230666709376,11.91519732725055,771.0,790.3581208309397,751.6418791690603,0.05021561823849467,31.971428571428564,780.0,0.0,0.06201706895476705,780.0,0.0,0.215981832065918,780.0,0.0,0.215981832065918,780.0,0.0,0.215981832065918,770.0,0.0,0.2140039058189351,0.3314869641452192
2021-11-08,858.0,780.0,858.0,858.0,0,0.09531017980432493,0.10000000000000009,8.0,0.125,0.25,0.0,0.0,0.013750000000000002,1,0.6766351534367473,0.4784533053843242,0.3314869641452192,0.3224142331944612,0.3887016189282233,0.3758468944747796,795.6,1.0784313725490196,787.8,1.0891089108910892,775.9,1.1058126047171029,749.96,1.1440610165875513,809.8489999999999,1.05945676292741,100.0,16.992952160277127,12.930748293855867,775.9,818.8143577985638,732.9856422014361,0.11061826987643732,36.91428571428571,780.0,0.0,0.06201706895476705,780.0,0.0,0.06201706895476705,780.0,0.0,0.215981832065918,780.0,0.0,0.215981832065918,780.0,0.012903404835907782,0.215981832065918,0.3374769318958229
2021-11-09,880.0,858.0,880.0,880.0,0,0.025317807984289786,0.02564102564102555,8.0,0.125,0.25,0.0,0.0,0.013750000000000002,1,0.6552345898502253,0.4812042161980034,0.3374769318958229,0.2680025704532512,0.3904308072385082,0.3765010051677584,815.6,1.0789602746444336,797.8,1.1030333416896465,781.9,1.1254636142729249,752.56,1.1693419793770596,809.99,1.0864331658415536,100.0,23.033982365661814,14.951395108217056,781.9,844.4961155680649,719.3038844319351,0.16011284196972728,37.771428571428565,858.0,0.09531017980432493,0.3314869641452192,780.0,0.0,0.06201706895476705,780.0,0.0,0.06201706895476705,780.0,0.0,0.215981832065918,780.0,0.0,0.215981832065918,0.3374769318958229
2021-11-10,880.0,880.0,943.0,900.0,0,0.0,0.0,8.0,0.125,0.25,0.0,0.0,0.013750000000000002,1,0.6552345898502253,0.4812042161980034,0.3374769318958229,0.25233965312979806,0.3904308072385082,0.3765010051677584,835.6,1.0531354715174726,807.8,1.0893785590492697,787.9,1.116893006726742,755.16,1.1653159595317548,810.1310000000001,1.08624407657527,100.0,27.504487713291837,17.462013629232015,787.9,863.3436701680204,712.4563298319796,0.19150569911922932,41.55714285714286,880.0,0.025317807984289786,0.3374769318958229,858.0,0.09531017980432493,0.3314869641452192,780.0,0.0,0.06201706895476705,780.0,0.0,0.215981832065918,780.0,0.0,0.215981832065918,0.3415194073922869
2021-11-11,871.7,871.7,941.4,879.0,0,-0.009476579454721771,-0.009431818181818152,8.0,0.125,0.25,0.0,0.0,0.013750000000000002,1,0.6801953497181814,0.4901246634608013,0.3415194073922869,0.25343634956237404,0.3906393066755385,0.376696758619262,853.9399999999999,1.0207977141251143,816.97,1.0669914439942716,793.4849999999999,1.098571491584592,757.5939999999999,1.1506162931596609,810.2305,1.075866682382359,92.98393913778533,30.031470675528567,19.975905038491327,793.4849999999999,876.4002839697812,710.5697160302186,0.20899017365112457,44.22857142857142,880.0,0.0,0.3374769318958229,880.0,0.025317807984289786,0.3374769318958229,858.0,0.09531017980432493,0.3314869641452192,780.0,0.0,0.06201706895476705,780.0,0.0,0.215981832065918,0.3415194073922869
2021-11-12,871.7,871.7,900.0,845.4,0,0.0,0.0,8.0,0.125,0.25,0.0,0.0,0.013750000000000002,1,0.6801953497181815,0.4901246634608013,0.3415194073922869,0.25343634956237404,0.3906393066755385,0.376696758619262,872.28,0.9993350758930619,826.14,1.055148037862832,799.0699999999999,1.090893163302339,760.028,1.1469314288420953,810.33,1.0757345772709883,92.33610341643586,31.66906164963973,22.314536360721007,799.0699999999999,887.3619582676522,710.7780417323477,0.22098679281577902,47.41428571428571,871.7,-0.009476579454721771,0.3415194073922869,880.0,0.0,0.3374769318958229,880.0,0.025317807984289786,0.3374769318958229,780.0,0.0,0.06201706895476705,780.0,0.0,0.215981832065918,0.3415194073922869
2021-11-15,871.7,871.7,950.0,860.4,0,0.0,0.0,8.0,0.125,0.25,0.0,0.0,0.013750000000000002,1,0.20707077888158645,0.4901246634608013,0.3415194073922869,0.25343634956237404,0.3906393066755385,0.376696758619262,875.0200000000001,0.9962058010102626,835.3100000000001,1.0435646646155319,804.655,1.0833214234672004,762.462,1.143270090837314,810.4295,1.0756025045978708,92.33610341643586,32.59117353363399,24.369863795303605,804.655,896.5969605254486,712.7130394745514,0.22852517047790327,53.81428571428571,871.7,0.0,0.3415194073922869,871.7,-0.009476579454721771,0.3415194073922869,880.0,0.0,0.3374769318958229,858.0,0.09531017980432493,0.3314869641452192,780.0,0.0,0.215981832065918,0.36296986916559143
2021-11-16,910.0,871.7,910.0,900.0,0,0.042999271493365375,0.04393713433520707,8.0,0.125,0.25,0.0,0.0,0.013750000000000002,1,0.3286050669748565,0.5099515675600705,0.36296986916559143,0.2660665782691929,0.39545672623921435,0.37880221146403326,881.0200000000001,1.0328936914031461,848.3100000000001,1.0727210571607078,812.155,1.1204757712505617,765.6619999999999,1.1885139918136203,810.7044999999999,1.1224805092361028,94.33833560709417,35.99748713467068,26.69538846317702,812.155,912.8178447630478,711.4921552369522,0.24789072224648698,54.76428571428571,871.7,0.0,0.3415194073922869,871.7,0.0,0.3415194073922869,871.7,-0.009476579454721771,0.3415194073922869,880.0,0.025317807984289786,0.3374769318958229,780.0,0.0,0.215981832065918,0.36296986916559143
2021-11-17,910.0,910.0,949.0,910.0,0,0.0,0.0,8.0,0.125,0.25,0.0,0.0,0.013750000000000002,1,0.3286050669748565,0.5099515675600705,0.36296986916559143,0.2660665782691929,0.39545672623921435,0.37880221146403326,887.0200000000001,1.0259069694031702,861.3100000000001,1.0565301691609292,819.655,1.1102232036649566,768.862,1.1835674022126208,810.6545,1.12254974221447,94.33833560709417,38.256023578392615,29.007515486220143,819.655,926.139779737714,713.170220262286,0.2598282929713453,53.98571428571428,910.0,0.042999271493365375,0.36296986916559143,871.7,0.0,0.3415194073922869,871.7,0.0,0.3415194073922869,880.0,0.0,0.3374769318958229,780.0,0.0,0.215981832065918,0.3621680566860995
2021-11-18,913.0,910.0,913.0,911.0,0,0.0032912810840727306,0.003296703296703285,8.0,0.125,0.25,0.0,0.0,0.013750000000000002,1,0.3002765894947944,0.5074272391481738,0.3621680566860995,0.2659936708962128,0.36594435944237974,0.3787889274925494,895.2800000000001,1.0197926905549102,874.61,1.04389384983021,826.805,1.104250699983672,772.122,1.1824556222980307,810.5695,1.126368559389417,94.45187165775404,39.82888234679717,31.171788858335553,826.805,938.3355098687302,715.2744901312697,0.26978673295089,50.635714285714286,910.0,0.0,0.36296986916559143,910.0,0.042999271493365375,0.36296986916559143,871.7,0.0,0.3415194073922869,871.7,-0.009476579454721771,0.3415194073922869,780.0,0.0,0.06201706895476705,0.3624878383990594
2021-11-19,915.0,913.0,915.0,915.0,0,0.0021881846805529145,0.0021905805038335835,8.0,0.125,0.25,0.0,0.0,0.013750000000000002,1,0.29640308308721464,0.5056419650088438,0.3624878383990594,0.2659252875631556,0.36594912867932916,0.3673322659891856,903.9399999999999,1.0122353253534526,888.11,1.0302777809055184,834.055,1.0970499547391959,775.422,1.1800026308255376,810.4945,1.12894041847292,94.52506596306071,40.76683286509933,33.090797659688306,834.055,948.8415841234803,719.2684158765196,0.27524943588487655,48.99285714285714,913.0,0.0032912810840727306,0.3621680566860995,910.0,0.0,0.36296986916559143,910.0,0.042999271493365375,0.36296986916559143,871.7,0.0,0.3415194073922869,780.0,0.0,0.06201706895476705,0.3624878383990594
2021-11-24,915.0,915.0,973.0,930.0,0,0.0,0.0,8.0,0.125,0.25,0.0,0.0,0.013750000000000002,1,0.024612878428147886,0.2246395095625779,0.3631407242131004,0.2659252875631556,0.36594912867932916,0.3581238765355254,914.6,1.000437349661054,900.8100000000001,1.0157524894261831,854.305,1.0710460549803642,786.722,1.1630537851998546,810.2695,1.1292539087303668,94.52506596306071,40.11598070593345,36.74342971249271,854.305,971.5317344216235,737.0782655783764,0.27443766435084316,42.107142857142854,915.0,0.0,0.3631407242131004,915.0,0.0,0.3624878383990594,915.0,0.0021881846805529145,0.3624878383990594,910.0,0.0,0.36296986916559143,880.0,0.0,0.3374769318958229,0.3631407242131004
2021-11-25,915.0,915.0,949.0,895.0,0,0.0,0.0,8.0,0.125,0.25,0.0,0.0,0.013750000000000002,1,0.015534570180369944,0.2136050060277104,0.3631407242131004,0.2659252875631556,0.36594912867932916,0.3581238765355254,915.0,1.0,905.14,1.0108933424663589,861.055,1.0626498887992057,790.722,1.1571702823495489,810.1945,1.1293584441760591,94.52506596306071,39.13762338694369,37.22226844738291,861.055,975.7870993949771,746.3229006050228,0.26649191839075814,40.964285714285715,915.0,0.0,0.3631407242131004,915.0,0.0,0.3631407242131004,915.0,0.0,0.3624878383990594,913.0,0.0032912810840727306,0.3621680566860995,871.7,-0.009476579454721771,0.3415194073922869,0.376284081502697
2021-11-26,950.0,915.0,950.0,950.0,0,0.03753791931906524,0.03825136612021862,8.0,0.125,0.25,0.0,0.0,0.013750000000000002,1,0.26649279069977566,0.26635591442925366,0.376284081502697,0.2745714580899762,0.3696348569135087,0.35983475546415467,922.0,1.0303687635574836,912.97,1.0405599307753814,869.555,1.092512837025835,795.422,1.1943345796319438,810.2945,1.1724132398776002,92.35727440147333,40.71711410982141,37.921237579870606,869.555,984.191918366779,754.9180816332209,0.26366801034271325,37.892857142857146,915.0,0.0,0.3631407242131004,915.0,0.0,0.3631407242131004,915.0,0.0,0.3631407242131004,915.0,0.0021881846805529145,0.3624878383990594,871.7,0.0,0.3415194073922869,0.376284081502697
2021-11-29,950.0,950.0,950.0,950.0,0,0.0,0.0,8.0,0.125,0.25,0.0,0.0,0.013750000000000002,1,0.26649279069977566,0.26635591442925366,0.376284081502697,0.2745714580899762,0.3696348569135087,0.35983475546415467,929.0,1.022604951560818,920.8,1.031711555169418,878.055,1.081936780725581,800.122,1.187318933862586,810.3945,1.1722685679628873,90.4157043879908,41.49059414501255,38.635108892899,878.055,989.9092373853248,766.2007626146751,0.2547772915940911,36.32142857142857,950.0,0.03753791931906524,0.376284081502697,915.0,0.0,0.3631407242131004,915.0,0.0,0.3631407242131004,915.0,0.0,0.3624878383990594,871.7,0.0,0.3415194073922869,0.376284081502697
2021-11-30,950.0,950.0,960.0,940.0,0,0.0,0.0,8.0,0.125,0.25,0.0,0.0,0.013750000000000002,1,0.26649279069977566,0.18630797833286308,0.376284081502697,0.2745714580899762,0.3696348569135087,0.35683488377470973,936.0,1.014957264957265,924.8,1.027249134948097,886.555,1.0715635239776438,804.822,1.180385228038001,810.4945,1.1721239317478402,90.4157043879908,41.62376973788298,39.2328410618958,886.555,992.7279567114058,780.3820432885941,0.2395180371469471,33.25,950.0,0.0,0.376284081502697,950.0,0.03753791931906524,0.376284081502697,915.0,0.0,0.3631407242131004,915.0,0.0,0.3631407242131004,910.0,0.042999271493365375,0.36296986916559143,0.376284081502697
2021-12-01,950.0,950.0,980.0,950.0,0,0.0,0.0,8.0,0.125,0.25,0.0,0.0,0.013750000000000002,1,0.26649279069977566,0.18630797833286308,0.376284081502697,0.2745714580899762,0.3696348569135087,0.35683488377470973,943.0,1.007423117709438,928.8,1.0228251507321275,895.055,1.0613872890492764,809.5219999999999,1.1735320349539606,810.5944999999999,1.1719793312192472,100.0,41.25376463556904,39.63702577663045,895.055,992.1405396029704,797.9694603970295,0.2169375951264905,30.935714285714287,950.0,0.0,0.376284081502697,950.0,0.0,0.376284081502697,950.0,0.03753791931906524,0.376284081502697,915.0,0.0,0.3631407242131004,910.0,0.0,0.36296986916559143,0.376284081502697
2021-12-02,950.0,950.0,969.0,950.0,0,0.0,0.0,8.0,0.125,0.25,0.0,0.0,0.013750000000000002,1,0.26649279069977566,0.187536347791185,0.376284081502697,0.2745714580899762,0.3696348569135087,0.3564567895499487,950.0,1.0,932.5,1.0187667560321716,903.555,1.051402515618861,814.222,1.1667579603597054,810.6945,1.1718347663639017,100.0,40.49374622622838,39.80836986655004,903.555,987.0420421713828,820.0679578286171,0.18479681296962086,28.392857142857142,950.0,0.0,0.376284081502697,950.0,0.0,0.376284081502697,950.0,0.0,0.376284081502697,915.0,0.0,0.3631407242131004,913.0,0.0032912810840727306,0.3621680566860995,0.37507115648692746
2021-12-03,955.0,950.0,955.0,955.0,0,0.005249355886143745,0.0052631578947368585,8.0,0.125,0.25,0.0,0.0,0.013750000000000002,1,0.03726672987877198,0.1873502839552468,0.37507115648692746,0.2744805892219402,0.3696806275159069,0.3564617530408549,951.0,1.0042060988433228,936.5,1.0197544046983449,912.305,1.0467990419870548,819.0219999999999,1.1660248442654777,810.8195,1.1778207110213803,100.0,39.83568341291311,39.81383257582266,912.305,975.4796276518296,849.1303723481703,0.13849453341115003,22.349999999999998,950.0,0.0,0.376284081502697,950.0,0.0,0.376284081502697,950.0,0.0,0.376284081502697,950.0,0.03753791931906524,0.376284081502697,915.0,0.0021881846805529145,0.3624878383990594,0.37507115648692746
2021-12-06,955.0,955.0,960.0,950.0,0,0.0,0.0,8.0,0.125,0.25,0.0,0.0,0.013750000000000002,1,0.03726672987877198,0.1873502839552468,0.37507115648692746,0.2744805892219402,0.3696806275159069,0.3564617530408549,952.0,1.0031512605042017,940.5,1.0154173312068049,917.155,1.0412634723683565,823.822,1.1592309989293803,810.9445,1.1776391602631253,100.0,38.866139232533214,39.62429390716477,917.155,977.6107942023054,856.6992057976945,0.1318333197819463,20.32857142857143,955.0,0.005249355886143745,0.37507115648692746,950.0,0.0,0.376284081502697,950.0,0.0,0.376284081502697,950.0,0.0,0.376284081502697,915.0,0.0,0.3624878383990594,0.20957122992740984
2021-12-07,955.0,955.0,963.0,955.0,0,0.0,0.0,8.0,0.125,0.25,0.0,0.0,0.013750000000000002,1,0.03726672987877198,0.1873502839552468,0.20957122992740984,0.2744805892219402,0.3696806275159069,0.34401834808566506,953.0,1.0020986358866737,944.5,1.011116993118052,920.905,1.0370233628875942,828.622,1.1525158636869406,811.0695,1.1774576654651667,100.0,37.663605880582736,39.23215630184836,920.905,980.9598687714646,860.8501312285354,0.130425763290382,18.114285714285717,955.0,0.0,0.37507115648692746,955.0,0.005249355886143745,0.37507115648692746,950.0,0.0,0.376284081502697,950.0,0.0,0.376284081502697,915.0,0.0,0.3631407242131004,0.1967563940302779
2021-12-08,955.0,955.0,960.0,950.0,0,0.0,0.0,8.0,0.125,0.25,0.0,0.0,0.013750000000000002,1,0.03726672987877198,0.1873502839552468,0.1967563940302779,0.2744805892219402,0.3696806275159069,0.34401834808566506,954.0,1.00104821802935,948.5,1.006852925672114,924.655,1.0328176455002136,833.422,1.1458780785724398,811.1945,1.177276226601635,100.0,36.29223523867756,38.64417208921421,924.655,983.3052380306557,866.0047619693443,0.12685864031591396,18.614285714285717,955.0,0.0,0.20957122992740984,955.0,0.0,0.37507115648692746,955.0,0.005249355886143745,0.37507115648692746,950.0,0.0,0.376284081502697,915.0,0.0,0.3631407242131004,0.1967563940302779
2021-12-09,955.0,955.0,960.0,955.0,0,0.0,0.0,8.0,0.125,0.25,0.0,0.0,0.013750000000000002,1,0.03726672987877198,0.1873502839552468,0.1967563940302779,0.2744805892219402,0.3696806275159069,0.34401834808566506,955.0,1.0,952.5,1.0026246719160106,928.8199999999999,1.0281863008979135,838.222,1.1393163147710272,811.3195,1.1770948436466768,100.0,34.80421282420855,37.87618023621308,928.8199999999999,983.3204722335885,874.3195277664114,0.11735421768176513,18.82857142857143,955.0,0.0,0.1967563940302779,955.0,0.0,0.20957122992740984,955.0,0.0,0.37507115648692746,950.0,0.0,0.376284081502697,915.0,0.0,0.3631407242131004,0.19130484664929517
2021-12-10,955.0,955.0,960.0,956.0,0,0.0,0.0,8.0,0.125,0.25,0.0,0.0,0.013750000000000002,1,0.0,0.02635155740992701,0.19130484664929517,0.25380904276958816,0.3696806275159069,0.34401834808566506,955.0,1.0,953.0,1.0020986358866737,932.985,1.023596306478668,843.0219999999999,1.1328292737318837,811.4445,1.1769135165744546,100.0,33.24175409122904,36.94929500721627,932.985,981.5099485479263,884.4600514520737,0.10402085467167495,18.857142857142858,955.0,0.0,0.1967563940302779,955.0,0.0,0.1967563940302779,955.0,0.0,0.20957122992740984,955.0,0.005249355886143745,0.37507115648692746,950.0,0.03753791931906524,0.376284081502697,0.19130484664929517
2021-12-13,955.0,955.0,960.0,950.0,0,0.0,0.0,8.0,0.125,0.25,0.0,0.0,0.013750000000000002,1,0.0,0.02635155740992701,0.19130484664929517,0.25380904276958816,0.3696806275159069,0.3340335717630182,955.0,1.0,953.5,1.0015731515469324,937.15,1.0190471109214108,847.822,1.1264156863115136,811.5695,1.1767322453591467,100.0,31.63878210281223,35.88719242633547,937.15,977.0618766125673,897.2381233874327,0.08517713623767233,19.214285714285715,955.0,0.0,0.19130484664929517,955.0,0.0,0.1967563940302779,955.0,0.0,0.1967563940302779,955.0,0.0,0.37507115648692746,950.0,0.0,0.376284081502697,0.19130484664929517
2021-12-14,955.0,955.0,956.0,950.0,0,0.0,0.0,8.0,0.125,0.25,0.0,0.0,0.013750000000000002,1,0.0,0.02635155740992701,0.19130484664929517,0.25380904276958816,0.3371382509773687,0.3340335717630182,955.0,1.0,954.0,1.00104821802935,939.4,1.016606344475197,852.622,1.1200743119459737,811.6945,1.1765510299749475,100.0,30.022336446898066,34.71422123044799,939.4,977.9167086094492,900.8832913905508,0.08200278605375604,15.5,955.0,0.0,0.19130484664929517,955.0,0.0,0.19130484664929517,955.0,0.0,0.1967563940302779,955.0,0.0,0.20957122992740984,950.0,0.0,0.376284081502697,0.1300031453575753
2021-12-15,955.0,955.0,955.0,950.0,0,0.0,0.0,8.0,0.125,0.25,0.0,0.0,0.013750000000000002,1,0.0,0.02635155740992701,0.1300031453575753,0.25380904276958816,0.3371382509773687,0.3340335717630182,955.0,1.0,954.5,1.000523834468308,941.65,1.014177242075081,856.5219999999999,1.1149742797032651,811.8195,1.1763698703960672,100.0,28.41375553190096,33.454128090738585,941.65,978.1395082253279,905.1604917746721,0.07750121218144296,12.0,955.0,0.0,0.19130484664929517,955.0,0.0,0.19130484664929517,955.0,0.0,0.19130484664929517,955.0,0.0,0.1967563940302779,950.0,0.0,0.376284081502697,0.1300031453575753
2021-12-16,955.0,955.0,955.0,950.0,0,0.0,0.0,8.0,0.125,0.25,0.0,0.0,0.013750000000000002,1,0.0,0.02635155740992701,0.1300031453575753,0.25380904276958816,0.3371382509773687,0.3340335717630182,955.0,1.0,955.0,1.0,943.75,1.0119205298013245,860.422,1.1099204808803123,811.9445,1.1761887665967317,100.0,26.829667857394384,32.12923604406974,943.75,978.0666370576624,909.4333629423376,0.07272399906259588,9.857142857142858,955.0,0.0,0.1300031453575753,955.0,0.0,0.19130484664929517,955.0,0.0,0.19130484664929517,955.0,0.0,0.1967563940302779,950.0,0.0,0.376284081502697,0.1301862499852182
2021-12-17,955.0,955.0,963.0,950.0,0,0.0,0.0,8.0,0.125,0.25,0.0,0.0,0.013750000000000002,1,0.0,0.0,0.1301862499852182,0.25380904276958816,0.3371382509773687,0.3340335717630182,955.0,1.0,955.0,1.0,945.75,1.0097805974094634,864.322,1.104912289632799,812.0695,1.1760077185511832,100.0,25.282822324861968,30.759953300228187,945.75,977.5842748092608,913.9157251907392,0.06732069745548151,10.785714285714286,955.0,0.0,0.1300031453575753,955.0,0.0,0.1300031453575753,955.0,0.0,0.19130484664929517,955.0,0.0,0.19130484664929517,955.0,0.005249355886143745,0.37507115648692746,0.13039690798102235
2021-12-20,955.0,955.0,955.0,950.0,0,0.0,0.0,8.0,0.125,0.25,0.0,0.0,0.013750000000000002,1,0.0,0.0,0.13039690798102235,0.25380904276958816,0.3371382509773687,0.3340335717630182,955.0,1.0,955.0,1.0,947.75,1.0076496966499604,868.222,1.099949091361426,812.1945,1.1758267262336792,100.0,23.782782978007617,29.364519235784073,947.75,976.307421378504,919.192578621496,0.060263616731214026,9.714285714285714,955.0,0.0,0.1301862499852182,955.0,0.0,0.1300031453575753,955.0,0.0,0.1300031453575753,955.0,0.0,0.19130484664929517,955.0,0.0,0.37507115648692746,0.13039690798102235
2021-12-21,955.0,955.0,955.0,950.1,0,0.0,0.0,8.0,0.125,0.25,0.0,0.0,0.013750000000000002,1,0.0,0.0,0.13039690798102235,0.25380904276958816,0.3005406561155243,0.3205089329695007,955.0,1.0,955.0,1.0,949.75,1.005527770465912,872.122,1.0950302824604814,812.3195,1.1756457896184938,100.0,22.336509609640075,27.958917310555275,949.75,973.9150029675359,925.5849970324641,0.05088708179528483,7.92142857142857,955.0,0.0,0.13039690798102235,955.0,0.0,0.1301862499852182,955.0,0.0,0.1300031453575753,955.0,0.0,0.19130484664929517,955.0,0.0,0.20957122992740984,0.13039690798102235
