Date,Price,Open,High,Low,Vol.,Change %
3/27/2026,26,26,26.1,25.85,29.43M,0.00%
3/26/2026,26,26.05,26.05,25.8,134.59M,-0.19%
3/25/2026,26.05,26,26.25,26,42.77M,0.19%
3/24/2026,26,26,26.4,25.95,83.68M,0.39%
3/23/2026,25.9,25.7,26.1,25.7,54.75M,0.78%
3/18/2026,25.7,26,26,25.55,61.45M,-1.15%
3/17/2026,26,25.3,26.3,25.4,123.85M,2.77%
3/16/2026,25.3,24.9,25.35,24.9,69.86M,1.61%
3/13/2026,24.9,24.9,25,24.9,67.17M,0.00%
3/12/2026,24.9,25,25.5,24.8,28.12M,-0.40%
3/11/2026,25,25,25.3,24.9,59.03M,0.00%
3/10/2026,25,25,25.1,24.95,80.26M,0.00%
3/9/2026,25,25.95,25.85,24.5,48.27M,-3.66%
3/6/2026,25.95,26,26.25,25.9,43.21M,-0.19%
3/5/2026,26,26,26.15,26,29.74M,0.00%
3/4/2026,26,26.5,26.5,25.9,46.39M,-1.89%
3/3/2026,26.5,25.95,26.5,25.7,32.72M,2.12%
3/2/2026,25.95,26.5,26.15,25.75,30.70M,-2.08%
2/27/2026,26.5,26.2,26.85,26.3,44.77M,1.15%
2/26/2026,26.2,26.6,26.6,26,66.91M,-1.50%
2/25/2026,26.6,27,27,26,63.10M,-1.48%
2/24/2026,27,25.85,27.2,25.85,97.87M,4.45%
2/23/2026,25.85,25.9,26,25.7,26.57M,-0.19%
2/20/2026,25.9,26,26.3,25.85,21.61M,-0.38%
2/19/2026,26,25,26,24.55,51.89M,4.00%
2/18/2026,25,25.75,25.75,24.9,34.77M,-2.91%
2/17/2026,25.75,27.5,28,25.25,103.49M,-4.63%
2/16/2026,27,24.8,27,25,86.72M,8.87%
2/13/2026,24.8,24.15,24.9,24.05,28.15M,2.69%
2/12/2026,24.15,24,24.4,23.9,52.05M,0.62%
2/11/2026,24,24.1,24.4,23.8,61.36M,-0.41%
2/10/2026,24.1,23.05,25,23.05,135.53M,3.88%
2/9/2026,23.2,23,23.25,22.95,67.14M,0.87%
2/6/2026,23,23,23.45,22.85,57.24M,0.00%
2/5/2026,23,22.8,23.55,22.8,106.63M,0.88%
2/4/2026,22.8,22.75,22.8,22.6,21.88M,0.22%
2/3/2026,22.75,22.55,22.75,22.5,32.22M,0.89%
2/2/2026,22.55,22.4,22.7,22.4,18.67M,-0.22%
1/30/2026,22.6,22.95,22.95,22.6,30.98M,-0.88%
1/29/2026,22.8,22.6,23.1,22.5,18.34M,0.88%
1/28/2026,22.6,22.5,23,22.4,33.36M,0.44%
1/27/2026,22.5,22.05,22.8,22.35,26.46M,2.04%
1/26/2026,22.05,22.4,22.7,22.05,34.35M,-1.56%
1/23/2026,22.4,22.05,22.9,22.05,22.76M,1.59%
1/22/2026,22.05,22.95,22.95,22,54.28M,-3.92%
1/21/2026,22.95,22.9,22.95,22.8,40.11M,0.22%
1/20/2026,22.9,23,23,22.85,30.22M,0.00%
1/19/2026,22.9,22.75,23.65,22.85,52.88M,0.66%
1/16/2026,22.75,22.8,23.1,22.75,30.52M,-0.22%
1/15/2026,22.8,22.95,24.4,22.8,78.41M,-0.65%
1/14/2026,22.95,22.95,23.5,22.9,53.41M,0.00%
1/13/2026,22.95,23,23.5,22.85,86.23M,-0.22%
1/12/2026,23,22.65,23,22.75,28.87M,1.55%
1/9/2026,22.65,22.6,23,22.6,27.93M,0.22%
1/8/2026,22.6,22.9,24.1,22.6,35.52M,-1.31%
1/7/2026,22.9,23.5,23.75,22.75,29.74M,-2.55%
1/6/2026,23.5,25,25,23.3,48.73M,-6.00%
1/5/2026,25,23,25,22.1,34.72M,8.70%
1/2/2026,23,21,23,21.9,14.28M,9.52%
12/31/2025,21,21.35,21.9,21,57.60M,-1.64%
12/30/2025,21.35,21,22.4,21,75.07M,1.67%
12/29/2025,21,20.5,21,20.5,594.38M,2.44%
12/24/2025,20.5,20.5,20.75,20.5,38.18M,0.00%
12/23/2025,20.5,20.5,20.8,20.45,49.77M,0.00%
12/22/2025,20.5,20.5,20.95,20.5,27.32M,0.00%
12/19/2025,20.5,20.95,21,20.5,22.64M,-2.15%
12/18/2025,20.95,20.8,21,20.6,29.60M,0.72%
12/17/2025,20.8,20.1,20.9,20.05,41.51M,4.00%
12/16/2025,20,20,20.15,20,385.83M,0.00%
12/15/2025,20,20.05,20.6,20,67.93M,-0.50%
12/12/2025,20.1,20.2,20.35,20.05,106.07M,-0.50%
12/11/2025,20.2,20.2,20.5,20.2,156.32M,-0.49%
12/10/2025,20.3,20.5,20.6,20.2,44.14M,-2.87%
12/9/2025,20.9,20.5,21,20.4,183.56M,-0.71%
12/8/2025,21.05,21.5,21.75,21,28.58M,-2.09%
12/5/2025,21.5,21,22.3,20.7,46.09M,2.87%
12/4/2025,20.9,21,21,20.6,17.70M,-0.48%
12/3/2025,21,20.9,21,20.5,54.41M,0.48%
12/2/2025,20.9,21,21,20.5,310.25M,-0.48%
12/1/2025,21,21,22.45,20.8,93.92M,0.00%
11/28/2025,21,21,21.05,20.8,103.29M,0.00%
11/27/2025,21,20.8,21,20.85,14.44M,0.96%
11/26/2025,20.8,20.7,21.05,20.6,110.52M,0.48%
11/25/2025,20.7,20.8,20.9,20.55,81.76M,-0.48%
11/24/2025,20.8,20.5,20.8,20.45,21.88M,1.46%
11/21/2025,20.5,21,20.95,20.05,128.69M,-2.38%
11/20/2025,21,21.65,21.5,20.95,17.94M,-3.00%
11/19/2025,21.65,22,22.5,21.5,488.36M,-1.59%
11/18/2025,22,22.25,22.5,22,15.47M,-1.12%
11/17/2025,22.25,23,22.75,22.15,8.80M,-3.26%
11/14/2025,23,23,23,22,132.62M,0.00%
11/13/2025,23,22,23.7,22.05,50.89M,4.55%
11/12/2025,22,22,22,21.05,35.93M,10.00%
11/11/2025,20,21.8,21.7,19.9,56.28M,-8.26%
11/10/2025,21.8,22,21.95,21.65,22.81M,-0.91%
11/7/2025,22,22.5,22.1,21.65,23.37M,-2.22%
11/6/2025,22.5,23,23,21.35,32.33M,-2.17%
11/5/2025,23,23,23.5,23,39.42M,0.00%
11/4/2025,23,23.7,23.05,22.9,26.05M,-2.95%
11/3/2025,23.7,24.45,24.3,22.5,68.16M,-3.07%
10/31/2025,24.45,23,24.45,23,46.60M,6.30%
10/30/2025,23,23.15,23.7,23,15.24M,-0.65%
10/29/2025,23.15,23.1,23.3,23.05,38.64M,0.22%
10/28/2025,23.1,23.65,24,23,24.31M,-2.33%
10/27/2025,23.65,22.8,24.5,22.8,68.92M,-5.40%
10/24/2025,25,24.95,25.4,24.5,23.75M,0.20%
10/23/2025,24.95,24.45,25,24.5,32.61M,2.04%
10/22/2025,24.45,25,25.25,24.4,59.42M,-2.20%
10/21/2025,25,25.45,25.75,25,37.36M,-1.77%
10/20/2025,25.45,25.65,25.95,25.45,42.41M,-0.78%
10/17/2025,25.65,25.8,25.95,25.65,50.39M,-0.58%
10/16/2025,25.8,25.75,26,25.6,40.34M,0.19%
10/15/2025,25.75,25.9,26,25.7,19.21M,-0.58%
10/14/2025,25.9,26.15,26.15,25.8,30.16M,-0.96%
10/13/2025,26.15,26,26.2,26.05,13.71M,0.58%
10/10/2025,26,26,26,25.95,14.72M,0.00%
10/9/2025,26,26.2,26.3,26,15.78M,-0.76%
10/8/2025,26.2,26,26.5,26,15.11M,0.77%
10/7/2025,26,26,26.25,26,45.86M,0.00%
10/6/2025,26,26.5,27,25.85,19.17M,-1.89%
10/3/2025,26.5,25.8,26.95,25.8,71.74M,2.71%
10/2/2025,25.8,25.65,26,25.65,11.52M,0.58%
9/30/2025,25.65,25.7,25.7,25.6,10.48M,-0.19%
9/29/2025,25.7,25.85,26.45,25.7,13.20M,-0.58%
9/26/2025,25.85,25.5,25.95,25.3,20.58M,1.37%
9/25/2025,25.5,24.9,25.7,25,25.20M,2.41%
9/24/2025,24.9,25,25,24.75,47.31M,0.40%
9/23/2025,24.8,26.1,26,24.55,19.77M,-4.98%
9/22/2025,26.1,25.9,26.1,25.9,10.57M,0.77%
9/19/2025,25.9,26.95,26.95,25.25,29.41M,-4.07%
9/18/2025,27,27.1,27.4,27,37.24M,-0.37%
9/17/2025,27.1,27.1,27.35,27.05,17.48M,0.00%
9/16/2025,27.1,27,27.4,27,11.51M,0.37%
9/15/2025,27,26.8,27.05,26.65,37.70M,0.75%
9/12/2025,26.8,26.45,26.95,26.4,40.96M,1.32%
9/11/2025,26.45,26.5,26.5,26.4,25.32M,-0.19%
9/10/2025,26.5,25.9,26.5,26,40.28M,2.32%
9/9/2025,25.9,25.7,26,25.7,26.12M,0.78%
9/8/2025,25.7,25.9,25.9,25.7,22.39M,-0.77%
9/4/2025,25.9,25.6,26.25,25.9,18.44M,1.17%
9/3/2025,25.6,25.85,25.85,25.5,43.03M,-0.97%
9/2/2025,25.85,26.2,26.25,25.85,29.78M,-1.34%
9/1/2025,26.2,26.5,27,26.1,31.95M,-1.13%
8/29/2025,26.5,27,27,26.4,26.85M,-1.85%
8/28/2025,27,27.2,27.5,26.95,102.18M,-0.74%
8/27/2025,27.2,27.5,27.6,27.05,39.34M,-1.09%
8/26/2025,27.5,27.45,27.5,27.2,21.44M,0.18%
8/25/2025,27.45,27,27.45,27.05,15.69M,1.67%
8/22/2025,27,26.95,27.1,26.65,26.59M,0.19%
8/21/2025,26.95,27.4,27.4,26.4,30.33M,-1.64%
8/20/2025,27.4,27.45,27.5,27.3,18.85M,-0.18%
8/19/2025,27.45,27.5,27.55,27.35,38.08M,-0.18%
8/18/2025,27.5,27.95,27.75,27.3,30.16M,-1.61%
8/15/2025,27.95,27.65,28,27.75,10.81M,1.08%
8/14/2025,27.65,27.6,28,27.6,46.41M,0.18%
8/13/2025,27.6,27.55,27.8,27.5,84.99M,0.18%
8/12/2025,27.55,27.6,27.75,27.5,61.09M,-0.54%
8/11/2025,27.7,27.6,27.7,27.5,28.76M,0.36%
8/8/2025,27.6,27.4,27.95,27.5,55.01M,0.73%
8/7/2025,27.4,27.5,27.65,27.4,49.75M,-0.36%
8/6/2025,27.5,27.35,27.85,27.3,56.24M,0.55%
8/5/2025,27.35,27.8,28.15,27.2,36.72M,-1.62%
8/4/2025,27.8,28,28.15,27.5,28.29M,-0.71%
8/1/2025,28,28.35,28.5,28,32.72M,0.36%
7/31/2025,27.9,28,28.2,27.9,43.29M,1.09%
7/30/2025,27.6,27.2,27.9,27.45,43.05M,1.47%
7/29/2025,27.2,27.3,27.8,27.05,36.81M,-0.37%
7/28/2025,27.3,27.7,28.95,27.3,29.06M,-1.44%
7/25/2025,27.7,28.5,28.5,27.5,42.42M,-2.81%
7/24/2025,28.5,28.5,28.95,28.35,65.00M,0.00%
7/23/2025,28.5,27.5,28.5,27.35,98.62M,3.64%
7/22/2025,27.5,26.5,27.6,26.3,102.88M,3.77%
7/21/2025,26.5,26.9,26.9,26.2,61.73M,-1.30%
7/18/2025,26.85,27.45,28,26.55,113.80M,-2.19%
7/17/2025,27.45,27,28.5,26.9,168.10M,2.43%
7/16/2025,26.8,24.9,26.95,25.15,124.64M,7.63%
7/14/2025,24.9,24.6,26.2,24.5,138.03M,0.40%
7/11/2025,24.8,23.45,24.9,23.2,172.92M,7.36%
7/10/2025,23.1,22.25,23.3,22.35,174.22M,3.82%
7/9/2025,22.25,22.1,22.45,22.2,83.04M,0.68%
7/8/2025,22.1,22.05,22.45,22,124.25M,0.23%
7/7/2025,22.05,22.5,22.6,22,42.02M,-2.00%
7/4/2025,22.5,22.5,23,22.5,43.63M,0.00%
7/3/2025,22.5,23.1,23.5,22.5,62.62M,-2.60%
7/2/2025,23.1,22.9,23.15,22.55,30.71M,0.87%
7/1/2025,22.9,22.1,23,22,19.77M,3.62%
6/30/2025,22.1,22.1,22.7,21.8,328.38M,0.00%
6/27/2025,22.1,22.65,22.3,22.1,56.02M,-2.43%
6/26/2025,22.65,23.1,23.25,22,76.19M,-1.95%
6/25/2025,23.1,22.8,23.35,22.8,48.59M,1.32%
6/24/2025,22.8,22.4,22.95,22.4,55.60M,1.79%
6/23/2025,22.4,21.9,22.4,22.15,37.93M,2.28%
6/20/2025,21.9,21.8,22.45,21.75,23.56M,0.46%
6/19/2025,21.8,20.95,22.25,21.15,35.99M,4.06%
6/18/2025,20.95,20.05,21.8,20.05,48.64M,4.49%
6/17/2025,20.05,20.5,21,20,64.22M,-2.20%
6/16/2025,20.5,20.15,21.45,20.15,92.70M,-8.28%
6/13/2025,22.35,22.25,22.5,22.35,22.82M,0.45%
6/11/2025,22.25,22.1,22.75,22.2,35.05M,0.68%
6/10/2025,22.1,23.2,23.4,22,88.30M,-4.74%
6/5/2025,23.2,22,23.2,21.9,26.26M,5.45%
6/4/2025,22,21.85,22.45,21.85,38.76M,0.69%
6/3/2025,21.85,22,22.25,21.65,34.51M,-0.68%
6/2/2025,22,22,22.2,21.5,55.17M,0.00%
5/30/2025,22,22,22.15,21.8,53.97M,0.00%
5/29/2025,22,22.25,22.35,22,22.91M,-0.45%
5/28/2025,22.1,22,22.1,22,22.41M,0.45%
5/27/2025,22,21.95,22,21.75,23.69M,0.23%
5/26/2025,21.95,21.6,22.1,21.7,35.93M,1.62%
5/23/2025,21.6,21.5,22.1,21.5,26.90M,0.47%
5/22/2025,21.5,21.85,22.5,21.5,27.74M,-1.60%
5/21/2025,21.85,22.8,22.9,21.85,35.10M,-4.17%
5/20/2025,22.8,23,23.3,22.6,18.35M,-0.87%
5/19/2025,23,23.5,23.65,23,45.12M,-2.13%
5/16/2025,23.5,22.3,23.5,22.3,32.05M,6.82%
5/15/2025,22,21.45,22.35,21.3,10.45M,2.56%
5/14/2025,21.45,21.3,21.45,21.3,51.90M,0.70%
5/13/2025,21.3,21.3,21.45,21.25,36.79M,0.00%
5/12/2025,21.3,21.3,21.5,21.3,29.43M,0.00%
5/9/2025,21.3,21.8,21.8,21.3,45.17M,-2.29%
5/8/2025,21.8,21.55,22.25,21.65,65.76M,1.16%
5/7/2025,21.55,21.25,21.7,21.4,21.20M,1.41%
5/6/2025,21.25,21.05,21.65,21,103.92M,0.95%
5/5/2025,21.05,21.9,21.85,21.05,42.91M,-3.88%
5/2/2025,21.9,22,22.3,21.5,52.82M,-2.67%
4/30/2025,22.5,22,23,22,25.04M,-6.44%
4/29/2025,24.05,23.7,24.1,23.8,35.57M,1.48%
4/28/2025,23.7,23.8,24,23.7,60.87M,-0.42%
4/25/2025,23.8,23.9,24,23.7,40.56M,-0.42%
4/24/2025,23.9,23.7,24.1,23.7,48.50M,0.84%
4/23/2025,23.7,22.65,23.75,22.9,30.55M,4.64%
4/22/2025,22.65,22.1,22.8,22.15,38.61M,2.49%
4/17/2025,22.1,21.5,22.2,21.45,32.86M,2.79%
4/16/2025,21.5,21.75,22.45,21.4,68.20M,0.47%
4/15/2025,21.4,20.75,21.6,20.5,28.05M,3.13%
4/14/2025,20.75,20.45,20.75,20.3,55.99M,1.47%
4/11/2025,20.45,20.75,20.9,20.35,73.22M,-1.45%
4/10/2025,20.75,21,22.5,20.5,77.86M,-1.19%
4/9/2025,21,21,21.3,20,51.38M,0.00%
4/8/2025,21,20.55,21.45,20.05,56.50M,2.19%
4/7/2025,20.55,22.6,22.65,20.5,31.83M,-9.27%
4/4/2025,22.65,22.5,22.65,22.4,16.36M,0.44%
4/3/2025,22.55,22.65,22.7,22.2,22.83M,-0.44%
4/2/2025,22.65,21.95,22.8,21.95,15.04M,1.34%
3/28/2025,22.35,22,22.35,21.7,24.75M,1.59%
3/27/2025,22,22.5,22.65,21.95,64.96M,-2.22%
3/26/2025,22.5,22.45,22.75,22,43.79M,0.22%
3/25/2025,22.45,22.5,22.9,22,36.60M,-0.22%
3/24/2025,22.5,22.1,23,22,37.23M,1.81%
3/21/2025,22.1,22,22.35,21.95,38.33M,0.45%
3/20/2025,22,22.4,22.65,21.8,20.98M,-1.79%
3/19/2025,22.4,23.2,23.1,22.4,30.61M,-3.45%
3/18/2025,23.2,23.35,23.45,23,36.76M,-0.64%
3/17/2025,23.35,23.4,23.5,23.35,10.56M,-0.21%
3/14/2025,23.4,23.65,23.95,23.4,30.70M,-1.06%
3/13/2025,23.65,23.9,23.95,23.65,29.16M,-1.05%
3/12/2025,23.9,23.95,23.95,23.8,15.53M,-0.21%
3/11/2025,23.95,24.4,25.5,23.85,28.35M,-1.84%
3/10/2025,24.4,23.85,24.7,23.5,30.42M,2.31%
3/7/2025,23.85,23.95,24,23.5,31.50M,-0.42%
3/6/2025,23.95,24,24,23.5,43.87M,-0.21%
3/5/2025,24,24.1,24.45,23.55,35.60M,-0.41%
3/4/2025,24.1,24.95,24.95,24.1,18.18M,-3.41%
3/3/2025,24.95,25.6,25.7,24.95,16.88M,-2.54%
2/28/2025,25.6,25.7,25.75,25.6,28.63M,-0.39%
2/27/2025,25.7,25.7,26.35,25.65,31.21M,0.00%
2/26/2025,25.7,25.65,25.7,25.6,36.55M,0.19%
2/25/2025,25.65,25.8,25.8,25.6,36.85M,-0.58%
2/24/2025,25.8,26.5,26.5,25.8,15.51M,-2.64%
2/21/2025,26.5,26.9,26.8,26.1,16.77M,-1.49%
2/20/2025,26.9,27.5,27.4,26.9,13.62M,-2.18%
2/19/2025,27.5,27.75,27.7,27.35,65.10M,-0.90%
2/18/2025,27.75,28.1,28.15,27.2,54.77M,-1.25%
2/17/2025,28.1,28.15,28.25,28,143.65M,-0.18%
2/14/2025,28.15,28.15,28.2,28.05,29.71M,0.00%
2/13/2025,28.15,28.1,28.3,28.05,17.26M,0.18%
2/12/2025,28.1,28.1,28.5,28,19.59M,0.00%
2/11/2025,28.1,28,28.1,27.8,38.73M,0.36%
2/10/2025,28,28,28.9,27.8,40.21M,0.00%
2/7/2025,28,27.6,28,27.6,23.64M,1.45%
2/6/2025,27.6,27.8,28.15,27.35,61.59M,-0.72%
2/5/2025,27.8,26.15,27.8,26.45,473.22M,6.31%
2/4/2025,26.15,26,26.25,26,9.82M,0.58%
2/3/2025,26,26,26.1,26,15.40M,0.00%
1/31/2025,26,26.3,26.45,26,19.70M,-1.14%
1/30/2025,26.3,26.7,26.65,26.2,20.51M,-1.50%
1/29/2025,26.7,27,27,26.7,16.20M,-1.11%
1/28/2025,27,27.8,27.9,26.6,43.99M,-2.88%
1/27/2025,27.8,25.3,27.8,25.6,50.99M,9.88%
1/24/2025,25.3,24.7,25.7,25,32.15M,2.43%
1/23/2025,24.7,24.55,25,24.55,24.34M,0.61%
1/22/2025,24.55,24.2,24.65,24.25,91.99M,1.45%
1/21/2025,24.2,24.1,24.5,24,44.04M,0.41%
1/20/2025,24.1,24.15,24.45,24.1,14.51M,-0.21%
1/17/2025,24.15,24.55,24.5,24,49.13M,-1.63%
1/16/2025,24.55,24.55,24.55,24.4,27.33M,0.00%
1/15/2025,24.55,24.55,24.65,24.5,16.84M,0.00%
1/14/2025,24.55,24.45,24.7,24.5,17.32M,0.41%
1/13/2025,24.45,24.5,24.8,24.45,13.73M,-0.20%
1/10/2025,24.5,25,25.2,24.5,33.90M,-0.81%
1/9/2025,24.7,24.5,24.95,24.5,11.67M,0.82%
1/8/2025,24.5,24.75,24.85,24.35,25.46M,-1.01%
1/7/2025,24.75,25,26.5,24.5,47.05M,-1.00%
1/6/2025,25,24.5,25.05,24.6,54.33M,2.04%
1/3/2025,24.5,24.1,24.55,24.3,19.47M,1.66%
1/2/2025,24.1,23.85,24.4,24,17.82M,1.05%
12/31/2024,23.85,24,24.15,23.85,30.26M,-0.62%
12/30/2024,24,24,24.2,23.95,46.57M,0.00%
12/27/2024,24,24.7,24.8,24,35.44M,-2.83%
12/24/2024,24.7,24.5,24.75,24.5,10.00M,0.61%
12/23/2024,24.55,24,24.65,24,18.41M,2.29%
12/20/2024,24,24,24.8,24,23.06M,0.00%
12/19/2024,24,23.9,24,23.85,14.80M,0.42%
12/18/2024,23.9,23.6,24,23.5,7.67M,1.27%
12/17/2024,23.6,24,24,23.55,10.95M,-1.67%
12/16/2024,24,24.15,24.05,23.9,20.48M,-0.62%
12/13/2024,24.15,24,25,24.1,17.09M,0.62%
12/12/2024,24,24.05,24,23.7,7.82M,-0.21%
12/11/2024,24.05,24.15,24.2,24.05,13.66M,-0.41%
12/10/2024,24.15,24.1,24.3,23,15.36M,0.21%
12/9/2024,24.1,24.8,24.75,24.1,51.06M,-2.82%
12/6/2024,24.8,24.05,24.8,24,15.99M,3.12%
12/5/2024,24.05,24.5,24.4,24.05,35.62M,-1.84%
12/4/2024,24.5,24,24.5,24,41.02M,2.08%
12/3/2024,24,23.95,24.2,24,27.90M,0.21%
12/2/2024,23.95,23.2,23.95,23,53.63M,3.23%
11/29/2024,23.2,23.1,23.35,23,6.21M,0.43%
11/28/2024,23.1,23,23.15,22.8,20.57M,0.43%
11/27/2024,23,22.6,23,22.45,24.25M,1.77%
11/26/2024,22.6,23,23.5,22.6,13.45M,-1.74%
11/25/2024,23,22.9,23.2,22.5,9.90M,0.44%
11/22/2024,22.9,23,22.95,22.65,9.00M,-0.43%
11/21/2024,23,23.8,23.7,23,10.58M,-3.36%
11/20/2024,23.8,23.9,23.95,23.7,22.99M,-0.42%
11/19/2024,23.9,24,24.1,23.5,37.84M,-0.42%
11/18/2024,24,24.75,24.7,24,31.66M,-3.03%
11/15/2024,24.75,24.7,25,24.6,33.34M,0.20%
11/14/2024,24.7,24.75,25.3,24.4,60.36M,-0.20%
11/13/2024,24.75,24.1,24.75,24.25,40.00M,2.70%
11/12/2024,24.1,24,24.25,23.8,25.91M,0.42%
11/11/2024,24,24.65,24.55,23.8,24.60M,-2.64%
11/8/2024,24.65,24.4,24.8,24.15,54.54M,1.02%
11/7/2024,24.4,24.1,24.55,24,28.61M,1.24%
11/6/2024,24.1,23.6,24.45,23.5,44.40M,2.12%
11/5/2024,23.6,22.5,23.95,22.5,17.87M,4.89%
11/4/2024,22.5,22.1,22.5,22,26.14M,1.81%
11/1/2024,22.1,22.05,22.5,22,12.26M,0.23%
10/31/2024,22.05,21.8,22.15,21.8,19.84M,1.15%
10/30/2024,21.8,21.55,22,21.7,10.81M,1.16%
10/29/2024,21.55,22.6,22.5,21.5,15.72M,-4.65%
10/28/2024,22.6,22.05,23,22.2,22.22M,2.49%
10/25/2024,22.05,22.1,23.8,21.5,28.20M,-0.23%
10/24/2024,22.1,20.1,22.1,20.1,30.40M,9.95%
10/23/2024,20.1,20,20.1,19.95,17.57M,0.50%
10/22/2024,20,20,20.05,19.9,9.64M,0.00%
10/21/2024,20,20,20.05,19.95,29.95M,0.00%
10/18/2024,20,20,21,19.95,27.43M,0.00%
10/17/2024,20,19.8,20,19.8,16.30M,1.01%
10/16/2024,19.8,19.85,20,19.6,5.10M,-0.25%
10/15/2024,19.85,19.6,20.7,19.6,45.95M,1.28%
10/14/2024,19.6,19.95,19.95,19.55,15.43M,-0.51%
10/11/2024,19.7,19.45,19.8,19.6,68.26M,1.29%
10/10/2024,19.45,19.6,19.7,19.4,18.46M,-0.77%
10/9/2024,19.6,19.7,19.9,19.6,12.60M,-0.76%
10/8/2024,19.75,19.55,19.75,19.55,25.43M,1.02%
10/7/2024,19.55,20,19.9,19.5,23.36M,-2.25%
10/4/2024,20,19.55,20,19.75,12.42M,0.00%
10/3/2024,20,19.75,20,19.6,11.50M,1.27%
10/2/2024,19.75,20.6,20.6,19.75,15.99M,-4.13%
9/30/2024,20.6,19.5,21.2,19.65,34.89M,5.64%
9/27/2024,19.5,19.5,19.65,19.5,11.44M,0.00%
9/26/2024,19.5,19.5,19.55,19.4,26.99M,0.00%
9/25/2024,19.5,19.35,19.6,19.4,17.38M,0.78%
9/24/2024,19.35,19,19.5,19,16.43M,1.84%
9/23/2024,19,19,19,18.75,25.09M,0.00%
9/20/2024,19,19.6,19.6,19,4.77M,-3.06%
9/19/2024,19.6,19.5,19.6,19.4,12.45M,0.51%
9/18/2024,19.5,19.1,19.5,19.3,11.84M,2.09%
9/17/2024,19.1,19.25,19.2,19.1,9.56M,-0.78%
9/13/2024,19.25,18.7,19.25,18.8,7.23M,2.94%
9/12/2024,18.7,18.4,18.8,18.4,80.05M,1.63%
9/11/2024,18.4,18,18.4,18.2,28.48M,2.22%
9/10/2024,18,18.55,18.95,18,30.38M,-2.96%
9/9/2024,18.55,18.8,19,18.55,9.00M,-1.33%
9/6/2024,18.8,18.95,19,18.8,14.92M,-0.79%
9/5/2024,18.95,19.1,19.05,18.95,11.46M,-0.79%
9/4/2024,19.1,19.5,19.25,18.95,14.81M,-2.05%
9/3/2024,19.5,19.2,19.5,19,106.28M,1.56%
9/2/2024,19.2,19,19.45,19.15,36.63M,1.05%
8/30/2024,19,19,19,18.7,12.38M,0.00%
8/29/2024,19,19,19.1,18.85,46.89M,0.00%
8/28/2024,19,19.15,19.2,19,18.73M,-0.78%
8/27/2024,19.15,19,19.25,18.9,55.97M,0.79%
8/26/2024,19,19.95,19.55,19,14.87M,-4.76%
8/23/2024,19.95,19,19.95,18.95,36.85M,5.00%
8/22/2024,19,19,19.05,18.95,22.68M,0.00%
8/21/2024,19,18.95,19,18.9,16.51M,0.26%
8/20/2024,18.95,19,19,18.85,20.29M,-0.26%
8/19/2024,19,19.15,19.2,18.9,24.70M,-0.78%
8/16/2024,19.15,19.3,19.3,19.1,9.56M,0.26%
8/15/2024,19.1,19.35,19.25,19.1,10.41M,-1.29%
8/14/2024,19.35,19.3,19.4,19.3,9.22M,0.26%
8/13/2024,19.3,19.5,19.5,19.3,66.30M,-0.52%
8/12/2024,19.4,19.6,19.6,19.4,38.30M,-1.02%
8/9/2024,19.6,19,19.8,19.1,24.24M,3.16%
8/8/2024,19,18.75,19.1,18.85,115.98M,1.33%
8/7/2024,18.75,18.6,18.8,18.5,112.62M,0.81%
8/6/2024,18.6,18.6,18.65,18.5,30.96M,0.00%
8/5/2024,18.6,18.6,18.7,18.55,18.83M,0.00%
8/2/2024,18.6,18.35,18.8,18.55,5.04M,1.36%
8/1/2024,18.35,18.3,18.55,18.3,15.76M,0.27%
7/31/2024,18.3,18.35,18.45,18.2,19.97M,-0.27%
7/30/2024,18.35,18.5,18.95,18.35,17.18M,-0.81%
7/29/2024,18.5,18.75,18.75,18.4,23.89M,0.00%
7/26/2024,18.5,19,19,18.5,30.52M,-2.63%
7/25/2024,19,19.15,19.25,18.9,23.31M,-0.78%
7/24/2024,19.15,19.3,19.35,19,72.82M,-1.03%
7/23/2024,19.35,19.4,19.4,19.25,20.40M,-0.26%
7/22/2024,19.4,19.4,19.4,19.3,11.18M,0.00%
7/19/2024,19.4,19.4,19.5,19.3,17.02M,0.00%
7/18/2024,19.4,19.35,19.5,19.35,18.56M,0.26%
7/17/2024,19.35,19.25,19.8,19.35,30.05M,0.52%
7/16/2024,19.25,19.2,19.3,19.2,36.75M,0.26%
7/15/2024,19.2,19.35,19.35,19.15,44.50M,0.79%
7/12/2024,19.05,19.05,19.25,19.05,26.16M,0.00%
7/11/2024,19.05,19.25,19.35,19.05,23.23M,-1.04%
7/10/2024,19.25,19.35,19.4,19.25,13.59M,-0.52%
7/9/2024,19.35,19.7,19.7,19.3,10.91M,-1.28%
7/8/2024,19.6,19.2,19.7,19.2,15.22M,2.08%
7/5/2024,19.2,19.85,19.9,19.2,22.69M,-3.03%
7/4/2024,19.8,19.5,19.8,19.5,13.48M,1.54%
7/3/2024,19.5,19.5,19.7,19.5,14.88M,0.00%
7/2/2024,19.5,19,19.6,19,12.89M,2.63%
7/1/2024,19,18.95,19.15,18.95,6.64M,0.26%
6/28/2024,18.95,19,19,18.95,20.04M,-0.26%
6/27/2024,19,18.8,19.05,18.9,39.71M,1.06%
6/26/2024,18.8,18.75,19.1,18.7,45.34M,0.27%
6/25/2024,18.75,18.8,18.75,18.55,26.98M,-0.27%
6/24/2024,18.8,19,19,18.75,7.47M,-1.05%
6/21/2024,19,19,19.2,19,5.82M,0.00%
6/20/2024,19,19,19,18.7,23.36M,0.00%
6/19/2024,19,18.65,19.25,18.9,12.64M,1.88%
6/14/2024,18.65,19,19.05,18.65,19.24M,-1.84%
6/13/2024,19,19.3,19.3,19,58.53M,-1.55%
6/11/2024,19.3,18.95,19.6,18.85,51.90M,1.85%
6/10/2024,18.95,18.75,18.95,18.1,93.07M,9.86%
6/7/2024,17.25,17.2,17.3,17.15,81.03M,0.29%
6/6/2024,17.2,17.15,17.2,17.15,42.38M,0.29%
6/5/2024,17.15,17.15,17.2,17.1,8.27M,0.00%
6/4/2024,17.15,17.15,17.2,17.15,16.33M,0.00%
6/3/2024,17.15,17.2,17.4,17.15,46.32M,-0.29%
5/31/2024,17.2,17.2,17.25,17.2,43.41M,0.00%
5/30/2024,17.2,17.15,17.25,17.15,51.78M,0.29%
5/29/2024,17.15,17,17.25,17,80.99M,0.88%
5/28/2024,17,16.95,17.2,16.95,81.94M,0.29%
5/27/2024,16.95,16.4,17,16.7,176.23M,3.35%
5/24/2024,16.4,16.5,16.55,16.3,15.52M,-0.61%
5/23/2024,16.5,17,17,16.45,17.16M,-2.94%
5/22/2024,17,16.95,17.45,16.9,35.58M,0.29%
5/21/2024,16.95,17,17.1,16.95,27.52M,-0.29%
5/20/2024,17,17,17.25,16.9,201.31M,0.00%
5/17/2024,17,16.95,17.1,16.9,25.61M,0.29%
5/16/2024,16.95,17.2,17.15,16.8,24.18M,-1.45%
5/15/2024,17.2,17.3,17.3,17.15,24.17M,-0.58%
5/14/2024,17.3,17.35,17.4,17.25,33.23M,0.00%
5/13/2024,17.3,17.4,18,17.3,43.05M,-0.57%
5/10/2024,17.4,17.5,17.6,17.4,39.59M,-0.57%
5/9/2024,17.5,17.35,17.7,17.35,24.00M,0.86%
5/8/2024,17.35,17.7,17.6,17.35,34.07M,-1.98%
5/7/2024,17.7,17.95,18,17.7,49.18M,-1.39%
5/6/2024,17.95,17.4,18.5,17.65,98.24M,3.16%
5/3/2024,17.4,17.5,18.4,17,151.80M,-0.57%
5/2/2024,17.5,16.85,17.8,17.4,54.47M,3.86%
4/30/2024,16.85,16.95,17.25,16.85,42.87M,-0.59%
4/29/2024,16.95,16.6,17.45,16.6,18.79M,2.11%
4/26/2024,16.6,16,16.9,16,28.55M,3.75%
4/25/2024,16,16.05,16.25,16,39.88M,-0.31%
4/24/2024,16.05,16.05,16.7,16.05,22.30M,0.00%
4/23/2024,16.05,16.8,17,15.95,51.47M,-4.46%
4/22/2024,16.8,17.05,17.25,16.8,48.07M,-1.18%
4/19/2024,17,17,17.2,16.8,34.34M,-1.45%
4/18/2024,17.25,17.4,17.55,17.2,43.98M,-0.86%
4/17/2024,17.4,16.95,18,17.25,44.99M,2.65%
4/16/2024,16.95,18.5,18.5,16.7,62.93M,-8.63%
4/15/2024,18.55,19.3,19.5,18.55,24.62M,-3.89%
4/12/2024,19.3,20.7,21.05,19,44.31M,-14.22%
4/8/2024,22.5,22.6,23,22.3,32.26M,-0.44%
4/5/2024,22.6,23,23.1,22.55,46.82M,-1.74%
4/4/2024,23,23.95,23.8,23,40.88M,-3.97%
4/3/2024,23.95,25,25,23.95,50.00M,-4.20%
4/2/2024,25,24.9,25.75,24.5,68.89M,2.04%
3/28/2024,24.5,24,24.9,24.05,56.74M,2.08%
3/27/2024,24,23.1,24.15,23,83.60M,3.90%
3/26/2024,23.1,23.6,25,23.1,33.32M,-2.12%
3/25/2024,23.6,24,23.95,23.6,15.28M,-1.67%
3/22/2024,24,23.6,24.1,23.9,75.78M,1.69%
3/21/2024,23.6,22.95,24,22.9,32.02M,2.83%
3/20/2024,22.95,23,23.05,22.8,17.97M,-0.22%
3/19/2024,23,23,23.7,23,28.09M,0.00%
3/18/2024,23,23,23.6,23,14.41M,0.00%
3/15/2024,23,23.35,23.15,22.5,11.75M,-1.50%
3/14/2024,23.35,23.6,24,23.2,25.27M,1.52%
3/13/2024,23,22.45,23.95,22.45,18.24M,2.45%
3/12/2024,22.45,20.5,22.55,20.55,48.57M,9.51%
3/11/2024,20.5,20.15,21,20.35,48.09M,1.74%
3/8/2024,20.15,20,20.15,19.8,23.28M,0.75%
3/7/2024,20,20.65,20.4,20,9.48M,-3.15%
3/6/2024,20.65,20.85,20.95,20.65,11.62M,-0.96%
3/5/2024,20.85,20.85,20.9,20,18.47M,0.00%
3/4/2024,20.85,21.1,21.3,20.7,12.39M,-0.95%
3/1/2024,21.05,20.45,21.05,20,31.77M,9.92%
2/29/2024,19.15,17.45,19.15,16.1,26.87M,9.74%
2/28/2024,17.45,19.35,18.9,17.45,35.29M,-9.82%
2/27/2024,19.35,20.05,20.3,19.35,30.56M,-3.49%
2/26/2024,20.05,20.95,20.6,20.05,10.97M,-4.30%
2/23/2024,20.95,21.05,21.1,20.9,20.27M,-0.48%
2/22/2024,21.05,21.6,21.9,21,14.49M,-2.55%
2/21/2024,21.6,22.2,21.95,21.1,8.03M,-2.70%
2/20/2024,22.2,22.5,22.85,21.9,8.33M,-1.33%
2/19/2024,22.5,22.5,22.9,22.5,15.77M,0.00%
2/16/2024,22.5,23,23,22,19.26M,-2.17%
2/15/2024,23,23.6,23.65,23,10.17M,-2.54%
2/14/2024,23.6,23.3,24.15,23.25,46.05M,1.29%
2/13/2024,23.3,23.2,23.3,23,6.07M,0.43%
2/12/2024,23.2,22.5,23.4,22.5,24.90M,-6.26%
2/9/2024,24.75,24.25,26,24.7,16.20M,2.06%
2/8/2024,24.25,25,25,22.7,31.21M,-3.58%
2/7/2024,25.15,25.5,25.15,24.95,17.69M,-1.37%
2/6/2024,25.5,26,25.7,25.25,15.28M,-1.92%
2/5/2024,26,27,27.2,26,19.00M,-3.70%
2/2/2024,27,24.95,27.4,26.5,38.82M,8.22%
2/1/2024,24.95,22.7,24.95,20.5,27.22M,9.91%
1/31/2024,22.7,25.2,25.5,22.7,43.49M,-9.92%
1/30/2024,25.2,28,28,25.2,46.81M,-10.00%
1/29/2024,28,28.6,28.9,28,34.11M,-2.10%
1/26/2024,28.6,28.5,28.85,28.45,17.91M,0.35%
1/25/2024,28.5,28.7,28.9,28.5,27.50M,0.35%
1/24/2024,28.4,28.75,28.75,28.2,14.19M,-1.22%
1/23/2024,28.75,29.2,29.15,28,47.17M,-1.54%
1/22/2024,29.2,30,29.95,28.4,40.01M,-2.67%
1/19/2024,30,29.5,30,28.05,21.78M,1.69%
1/18/2024,29.5,29.6,30.7,28.9,42.83M,-0.34%
1/17/2024,29.6,29.8,29.8,29,31.67M,-0.67%
1/16/2024,29.8,28.6,30.2,28.45,25.40M,4.20%
1/15/2024,28.6,28,28.65,27.8,23.17M,2.14%
1/12/2024,28,28.15,29,28,44.98M,-0.53%
1/11/2024,28.15,27.85,29,26.55,54.11M,1.08%
1/10/2024,27.85,29.9,29.9,26.75,116.65M,-6.23%
1/9/2024,29.7,27.4,30.1,27.4,85.21M,8.39%
1/8/2024,27.4,26,27.5,26,28.11M,3.20%
1/5/2024,26.55,25,27.45,25,28.17M,6.20%
1/4/2024,25,25.9,26.2,25,34.27M,-3.47%
1/3/2024,25.9,23.55,25.9,23.95,46.87M,9.98%
1/2/2024,23.55,23.15,23.7,23.3,16.03M,1.73%
12/29/2023,23.15,23.15,23.15,22.95,17.63M,0.00%
12/28/2023,23.15,23.2,23.5,22.95,23.42M,-0.22%
12/27/2023,23.2,23.2,24.5,23,15.25M,0.00%
12/22/2023,23.2,23.3,23.75,23.1,20.44M,-0.43%
12/21/2023,23.3,22.9,23.45,23,65.80M,1.75%
12/20/2023,22.9,22.6,22.95,22.6,59.71M,1.33%
12/19/2023,22.6,22,22.6,22,27.57M,2.73%
12/18/2023,22,22.25,22.25,22,15.55M,-0.90%
12/15/2023,22.2,22.8,23,22.15,11.60M,-2.63%
12/14/2023,22.8,22.05,23,22.05,77.25M,3.40%
12/13/2023,22.05,20.4,22.05,20.6,60.18M,8.09%
12/12/2023,20.4,20.2,20.4,20.05,18.80M,0.99%
12/11/2023,20.2,20.25,20.4,20,30.37M,-0.25%
12/8/2023,20.25,20,20.45,19.95,13.64M,1.25%
12/7/2023,20,21.1,21.5,19.8,34.65M,-5.21%
12/6/2023,21.1,19.35,21.25,19.4,64.18M,9.04%
12/5/2023,19.35,18.2,19.35,18.25,19.98M,6.32%
12/4/2023,18.2,18.05,18.2,18,8.22M,0.83%
12/1/2023,18.05,18,18.05,17.95,23.90M,0.28%
11/30/2023,18,17.9,18,17.7,23.33M,0.56%
11/29/2023,17.9,18,18,17.9,15.91M,-0.56%
11/28/2023,18,18.1,18.1,17.9,52.36M,-0.55%
11/27/2023,18.1,17.35,18.35,17.5,81.51M,4.32%
11/24/2023,17.35,17.25,17.4,17.25,12.30M,0.58%
11/23/2023,17.25,17.25,17.35,17.25,8.75M,0.00%
11/22/2023,17.25,17.25,17.3,17.2,12.61M,0.00%
11/21/2023,17.25,17.2,17.25,17.2,12.29M,0.29%
11/20/2023,17.2,17.3,17.25,17.2,27.58M,-0.58%
11/17/2023,17.3,17.25,17.3,17.25,8.13M,0.29%
11/16/2023,17.25,17.25,17.35,17.25,8.24M,0.00%
11/15/2023,17.25,17.2,17.3,17.2,10.57M,0.29%
11/14/2023,17.2,17.3,17.35,17.2,18.40M,-0.58%
11/13/2023,17.3,17.35,17.35,17.25,10.09M,-0.29%
11/10/2023,17.35,17.3,17.4,17.3,6.90M,0.29%
11/9/2023,17.3,17.35,17.35,17.2,10.72M,-0.29%
11/8/2023,17.35,17.2,17.35,17.2,4.21M,0.87%
11/7/2023,17.2,17.2,17.4,17.1,10.21M,0.00%
11/6/2023,17.2,17.2,17.25,17.2,19.50M,0.00%
11/3/2023,17.2,17.4,17.4,17.2,9.48M,-1.15%
11/2/2023,17.4,17.9,17.9,17.3,24.55M,-2.79%
11/1/2023,17.9,17.15,17.9,17.2,36.69M,4.37%
10/31/2023,17.15,17.15,17.15,17.05,27.44M,0.00%
10/30/2023,17.15,16.95,17.15,16.95,17.00M,1.18%
10/27/2023,16.95,16.95,16.95,16.75,14.95M,0.00%
10/26/2023,16.95,16.85,17,16.85,20.56M,0.59%
10/25/2023,16.85,16.55,17.1,16.55,43.19M,1.81%
10/24/2023,16.55,16.55,16.6,16.45,50.78M,0.00%
10/23/2023,16.55,16.45,16.65,16.3,40.35M,0.61%
10/20/2023,16.45,16.35,16.5,16.05,11.24M,0.61%
10/19/2023,16.35,16.75,16.8,16.3,22.17M,-2.39%
10/18/2023,16.75,16.95,16.9,16.75,35.61M,-1.18%
10/17/2023,16.95,16.15,16.95,16.75,33.32M,4.95%
10/16/2023,16.15,15.85,16.2,15.8,9.43M,1.89%
10/13/2023,15.85,15.75,15.85,15.8,23.51M,0.63%
10/12/2023,15.75,15.7,15.85,15.75,54.48M,0.32%
10/11/2023,15.7,15.75,15.75,15.65,38.97M,-0.32%
10/10/2023,15.75,15.95,15.95,15.7,31.09M,-1.25%
10/9/2023,15.95,16.05,16.05,15.95,29.17M,-0.62%
10/6/2023,16.05,15.85,16.2,15.9,29.69M,-0.62%
10/5/2023,16.15,16.1,16.3,16,15.53M,0.31%
10/4/2023,16.1,16.05,16.2,16.05,15.48M,0.31%
10/3/2023,16.05,15.75,16.05,15.95,19.92M,1.90%
9/29/2023,15.75,15.5,15.85,15.55,21.04M,1.61%
9/28/2023,15.5,15.55,15.75,15.45,45.88M,-0.32%
9/26/2023,15.55,15.7,16,15.5,49.97M,0.00%
9/25/2023,15.55,15.55,16.4,15.55,113.39M,-9.86%
9/22/2023,17.25,16.9,17.3,16.9,33.01M,2.07%
9/21/2023,16.9,17.2,17.3,16.9,40.14M,-1.74%
9/20/2023,17.2,17.4,17.45,17.2,32.53M,-1.15%
9/19/2023,17.4,17.45,17.45,17.35,23.62M,-0.29%
9/18/2023,17.45,17.2,17.95,17.2,40.19M,1.45%
9/15/2023,17.2,17,17.25,16.7,16.61M,1.18%
9/14/2023,17,16.85,17,16.5,28.67M,0.89%
9/13/2023,16.85,16.85,16.85,16.85,63.56M,9.77%
9/12/2023,15.35,16,16,14.45,69.45M,-4.06%
9/11/2023,16,17.5,17.4,16,57.67M,-8.57%
9/8/2023,17.5,17.4,17.5,17.35,36.25M,0.57%
9/7/2023,17.4,17.25,17.5,17.35,20.80M,0.87%
9/6/2023,17.25,17.25,17.45,17,18.53M,0.00%
9/5/2023,17.25,17.65,17.55,17.15,42.11M,-2.27%
9/4/2023,17.65,18.5,18.8,17.65,50.60M,2.62%
9/1/2023,17.2,16.6,17.4,16.7,34.55M,3.61%
8/31/2023,16.6,16.5,16.6,16.35,11.89M,0.61%
8/30/2023,16.5,16.55,16.55,16,26.65M,-0.30%
8/29/2023,16.55,16,16.8,16,25.35M,3.44%
8/28/2023,16,16.55,16.55,16,43.70M,-3.32%
8/25/2023,16.55,16.25,16.65,16.2,8.29M,1.85%
8/24/2023,16.25,16.8,16.7,15.85,54.73M,-3.27%
8/23/2023,16.8,16.85,16.9,16.8,6.90M,-0.30%
8/22/2023,16.85,17.05,17.1,16.85,36.16M,-1.17%
8/21/2023,17.05,17,17.05,16.95,7.28M,0.29%
8/18/2023,17,16.7,17,16.7,14.97M,1.80%
8/17/2023,16.7,16.85,16.9,16.65,16.49M,-0.89%
8/16/2023,16.85,16.95,17,16.75,11.07M,-0.59%
8/15/2023,16.95,17.15,17.05,16.9,17.67M,-1.17%
8/14/2023,17.15,17.35,17.35,17.15,18.16M,-1.15%
8/11/2023,17.35,17.5,17.5,17.35,16.30M,-0.86%
8/10/2023,17.5,17.45,17.5,17.35,12.30M,0.29%
8/9/2023,17.45,17.5,17.5,17.35,6.02M,-0.29%
8/8/2023,17.5,17.3,17.5,17.3,49.36M,1.16%
8/7/2023,17.3,17.1,17.5,17.25,17.10M,1.17%
8/4/2023,17.1,17.45,17.3,17,22.65M,-2.01%
8/3/2023,17.45,16.55,17.95,16.65,32.99M,5.44%
8/2/2023,16.55,16.6,16.6,16.4,20.70M,-0.30%
8/1/2023,16.6,17,17,16.25,21.48M,-2.35%
7/31/2023,17,17.5,17.2,17,26.23M,-2.86%
7/28/2023,17.5,17.35,17.5,17.05,44.16M,0.86%
7/27/2023,17.35,17.15,17.9,17.35,15.95M,1.17%
7/26/2023,17.15,18,18.1,17.15,55.24M,-4.72%
7/25/2023,18,17.95,18.4,18,19.62M,0.28%
7/24/2023,17.95,18.4,18.5,17,18.71M,-2.18%
7/21/2023,18.35,17,18.35,17,88.03M,9.88%
7/20/2023,16.7,16.6,16.8,16.6,14.95M,0.60%
7/19/2023,16.6,16.7,16.8,16.4,13.68M,-0.60%
7/18/2023,16.7,16.4,17.9,16.7,49.54M,1.83%
7/17/2023,16.4,14.95,16.4,15.3,51.05M,9.70%
7/14/2023,14.95,15.65,17,14.5,94.16M,-4.47%
7/13/2023,15.65,17.3,17.3,15.65,38.77M,-9.54%
7/12/2023,17.3,18.05,18,16.55,65.45M,-4.16%
7/11/2023,18.05,18.9,18.6,18,36.03M,-4.50%
7/10/2023,18.9,18.75,19.85,18.6,52.41M,0.80%
7/7/2023,18.75,18.35,18.9,18.4,24.52M,2.18%
7/6/2023,18.35,17.9,18.35,17.7,56.48M,2.51%
7/5/2023,17.9,17.15,18.45,17.1,85.91M,4.37%
7/4/2023,17.15,18.25,18.25,17.1,77.85M,-6.03%
7/3/2023,18.25,16.6,18.25,16.95,132.52M,9.94%
6/30/2023,16.6,15.8,16.6,15.9,255.06M,5.06%
6/27/2023,15.8,15.25,15.95,15.2,111.67M,3.61%
6/26/2023,15.25,14.95,15.35,15,74.60M,2.01%
6/23/2023,14.95,14.9,15,14.8,23.17M,0.34%
6/22/2023,14.9,14.9,14.95,14.7,32.87M,0.00%
6/21/2023,14.9,14.85,15,14.8,27.44M,0.34%
6/20/2023,14.85,14.8,15,14.8,31.38M,0.34%
6/19/2023,14.8,14.25,15,14.25,16.75M,3.86%
6/16/2023,14.25,14.25,15,13.8,41.02M,0.00%
6/15/2023,14.25,15.7,17.25,14.2,121.54M,-9.24%
6/14/2023,15.7,14.3,15.7,14.25,92.79M,9.79%
6/13/2023,14.3,13.05,14.3,13.05,72.11M,10.00%
6/9/2023,13,12.85,13,12.8,40.10M,1.17%
6/8/2023,12.85,12.75,12.95,12.8,32.10M,0.78%
6/7/2023,12.75,12.5,12.8,12.6,23.02M,2.00%
6/6/2023,12.5,12.55,12.7,12.35,39.91M,-0.40%
6/5/2023,12.55,12.4,12.55,12.05,46.23M,1.21%
6/2/2023,12.4,12.2,12.4,12.1,55.68M,1.64%
6/1/2023,12.2,12.3,12.35,12,51.31M,-0.81%
5/31/2023,12.3,12.35,12.75,11.6,98.73M,-0.40%
5/30/2023,12.35,11.4,12.5,11.4,199.62M,8.33%
5/26/2023,11.4,11,11.5,11,51.49M,3.64%
5/25/2023,11,11.15,11.15,10.75,67.39M,-1.35%
5/24/2023,11.15,10.55,11.25,10.5,69.19M,6.19%
5/23/2023,10.5,10.15,10.5,10.15,19.48M,3.45%
5/22/2023,10.15,10.2,10.4,9.9,48.03M,-0.49%
5/19/2023,10.2,10.15,10.3,10.1,40.94M,0.49%
5/18/2023,10.15,10.1,10.15,10.1,64.69M,0.50%
5/17/2023,10.1,10.15,10.2,9.7,112.83M,-0.49%
5/16/2023,10.15,10.05,10.25,10.05,62.42M,1.50%
5/15/2023,10,9.9,10.05,9.75,125.06M,1.01%
5/12/2023,9.9,10.2,10.15,9.6,170.03M,-2.94%
5/11/2023,10.2,10.6,10.6,10.1,169.32M,-3.77%
5/10/2023,10.6,10.1,10.75,10.3,139.29M,-7.02%
5/9/2023,11.4,11.7,11.7,11.1,129.73M,-1.30%
5/8/2023,11.55,11.25,11.65,11.25,167.61M,2.67%
5/5/2023,11.25,10.7,11.3,10.6,168.78M,5.14%
5/4/2023,10.7,10.5,11.15,10.45,219.37M,1.90%
5/3/2023,10.5,10.4,10.5,10.15,174.40M,0.96%
5/2/2023,10.4,10.1,10.6,10.05,150.07M,2.46%
4/28/2023,10.15,10,10.35,9.55,82.78M,1.50%
4/27/2023,10,10.35,10.5,10,1.23B,-3.38%
4/26/2023,10.35,10.6,10.6,10.35,60.51M,-2.36%
4/25/2023,10.6,10.75,10.8,10.2,217.42M,7.07%
4/20/2023,9.9,9.9,9.9,9.15,152.14M,10.00%
4/19/2023,9,8.85,9,8.9,1.48M,1.69%
4/18/2023,8.85,8.9,8.85,8.85,815.80K,-0.56%
4/17/2023,8.9,8.85,8.9,8.8,3.36M,0.56%
4/14/2023,8.85,8.8,8.95,8.7,3.96M,0.57%
4/13/2023,8.8,8.7,8.9,8.75,5.45M,1.15%
4/12/2023,8.7,8.75,8.75,8.65,4.06M,-0.57%
4/11/2023,8.75,8.95,8.95,8.65,6.09M,-2.23%
4/6/2023,8.95,9,9,8.95,12.12M,-0.56%
4/5/2023,9,9,9,9,3.95M,0.00%
4/4/2023,9,9,9,8.95,20.31M,0.00%
4/3/2023,9,9,9,8.95,17.08M,0.00%
3/31/2023,9,9,9,8.95,4.11M,0.00%
3/30/2023,9,8.95,9,8.9,2.51M,0.56%
3/29/2023,8.95,8.7,8.95,8.65,3.00M,2.87%
3/28/2023,8.7,8.65,8.7,8.65,3.17M,0.58%
3/27/2023,8.65,8.65,8.75,8.65,3.14M,0.00%
3/24/2023,8.65,8.7,8.7,8.65,5.44M,-0.57%
3/23/2023,8.7,8.9,8.85,8.7,2.54M,-2.25%
3/22/2023,8.9,8.9,8.95,8.9,4.07M,0.00%
3/21/2023,8.9,9,9.05,8.9,4.85M,-1.11%
3/20/2023,9,8.4,9,8.45,13.03M,7.14%
3/17/2023,8.4,8.6,8.65,8.4,14.66M,-2.33%
3/16/2023,8.6,9,8.7,8.6,7.63M,-4.44%
3/15/2023,9,9,9,9,2.93M,0.00%
3/14/2023,9,9.05,9.1,9,6.91M,-0.55%
3/13/2023,9.05,9.15,9.15,9.05,13.55M,-1.09%
3/10/2023,9.15,9.15,9.15,9.1,6.59M,0.00%
3/9/2023,9.15,9.15,9.15,9.1,4.66M,0.00%
3/8/2023,9.15,9.15,9.2,9.1,4.49M,0.00%
3/7/2023,9.15,9.3,9.3,9.15,9.38M,-1.61%
3/6/2023,9.3,9.35,9.3,9.25,5.87M,-0.53%
3/3/2023,9.35,9.3,9.35,9.3,2.55M,0.54%
3/2/2023,9.3,9.6,9.4,9.15,18.65M,-3.13%
3/1/2023,9.6,9.55,9.6,9.5,19.42M,0.52%
2/28/2023,9.55,9.3,9.6,9.25,6.33M,2.69%
2/27/2023,9.3,9.2,9.3,9.15,3.25M,1.09%
2/24/2023,9.2,9.15,9.2,9.1,10.93M,0.55%
2/23/2023,9.15,9.1,9.15,9.15,1.01M,0.55%
2/22/2023,9.1,9.05,9.1,9.1,5.65M,0.55%
2/21/2023,9.05,9.2,9.1,9.05,11.07M,-1.63%
2/20/2023,9.2,9.2,9.2,9.15,4.10M,0.00%
2/17/2023,9.2,9.25,9.3,9.2,13.59M,-0.54%
2/16/2023,9.25,9.25,9.3,9.25,4.52M,0.00%
2/15/2023,9.25,9.25,9.25,9.2,5.50M,0.00%
2/14/2023,9.25,9.15,9.25,9.2,11.37M,1.09%
2/13/2023,9.15,9.1,9.15,9.1,14.74M,0.55%
2/10/2023,9.1,9.1,9.15,9.1,7.56M,0.00%
2/9/2023,9.1,9.1,9.1,9.1,3.22M,0.00%
2/8/2023,9.1,9.15,9.1,9.1,5.74M,-0.55%
2/7/2023,9.15,9.2,9.2,9.15,2.53M,-0.54%
2/6/2023,9.2,9.2,9.3,9.2,2.77M,0.00%
2/3/2023,9.2,9.05,9.2,9.05,12.54M,1.66%
2/2/2023,9.05,9.1,9.1,9.05,3.60M,-0.55%
2/1/2023,9.1,9.1,9.1,9.05,5.35M,0.00%
1/31/2023,9.1,9.05,9.1,9.05,11.57M,0.55%
1/30/2023,9.05,9,9.15,9.05,3.65M,0.56%
1/27/2023,9,9.4,9.35,9,2.87M,-4.26%
1/26/2023,9.4,9,9.4,9.1,15.38M,4.44%
1/25/2023,9,9.05,9,9,1.61M,-0.55%
1/24/2023,9.05,8.95,9.1,8.95,17.30M,1.12%
1/23/2023,8.95,9.05,9,8.95,8.72M,-1.10%
1/20/2023,9.05,9.05,9.1,9,11.35M,0.00%
1/19/2023,9.05,9,9.1,9,7.68M,0.56%
1/18/2023,9,8.95,9.05,9,9.13M,0.56%
1/17/2023,8.95,8.95,9.1,8.95,7.70M,0.00%
1/16/2023,8.95,9.3,9.3,8.95,12.71M,-3.76%
1/13/2023,9.3,9.3,9.35,9.3,5.09M,0.00%
1/12/2023,9.3,9.15,9.35,9.25,7.17M,1.64%
1/11/2023,9.15,9,9.2,9,13.47M,1.67%
1/10/2023,9,9,9,8.95,8.85M,0.00%
1/9/2023,9,9,9.6,9,10.32M,0.00%
1/6/2023,9,8.8,9,8.9,13.72M,2.27%
1/5/2023,8.8,8.75,8.85,8.75,11.35M,0.57%
1/4/2023,8.75,8.8,8.85,8.65,22.96M,-0.57%
1/3/2023,8.8,8.5,8.85,8.55,6.75M,3.53%
12/30/2022,8.5,8.7,8.7,8.5,176.54M,-2.30%
12/29/2022,8.7,8.7,8.9,8.7,12.36M,0.00%
12/28/2022,8.7,8.5,8.7,8.5,28.93M,0.58%
12/23/2022,8.65,8.55,8.7,8.5,6.42M,1.17%
12/22/2022,8.55,8.5,8.6,8.5,4.69M,0.59%
12/21/2022,8.5,8.55,8.55,8.5,3.14M,-0.58%
12/20/2022,8.55,8.55,8.65,8.55,5.27M,0.00%
12/19/2022,8.55,8.45,8.55,8.45,2.93M,1.18%
12/16/2022,8.45,8.45,8.5,8.45,1.71M,0.00%
12/15/2022,8.45,8.45,8.5,8.4,2.46M,0.00%
12/14/2022,8.45,8.5,8.6,8.45,1.94M,-0.59%
12/13/2022,8.5,8.5,8.55,8.5,3.11M,0.00%
12/12/2022,8.5,8.55,8.6,8.45,120.98M,-0.58%
12/9/2022,8.55,8.5,8.55,8.5,1.53M,0.59%
12/8/2022,8.5,8.5,8.5,8.45,9.61M,0.00%
12/7/2022,8.5,8.5,8.55,8.5,2.62M,0.00%
12/6/2022,8.5,8.55,8.7,8.5,7.35M,-0.58%
12/5/2022,8.55,8.7,8.7,8.55,4.69M,-1.72%
12/2/2022,8.7,8.65,8.75,8.6,2.88M,0.58%
12/1/2022,8.65,8.5,8.65,8.5,11.96M,1.76%
11/30/2022,8.5,8.2,8.5,8.3,2.67M,3.66%
11/29/2022,8.2,8.5,8.55,8.2,11.17M,-3.53%
11/28/2022,8.5,8.6,8.75,8.5,7.86M,-1.16%
11/25/2022,8.6,8.5,8.75,8.5,5.81M,1.18%
11/24/2022,8.5,8.7,8.8,8.5,8.61M,-2.30%
11/23/2022,8.7,8.4,8.75,8.5,16.39M,3.57%
11/22/2022,8.4,8.25,8.4,8.3,3.63M,1.82%
11/21/2022,8.25,8.1,8.25,8.15,3.97M,1.85%
11/18/2022,8.1,8.3,8.45,8.1,6.03M,-2.41%
11/17/2022,8.3,8.35,8.55,8.3,8.09M,-0.60%
11/16/2022,8.35,8.1,8.35,8.1,5.97M,3.09%
11/15/2022,8.1,8.15,8.15,8.1,8.73M,-0.61%
11/14/2022,8.15,8.05,8.15,8,87.92M,1.24%
11/11/2022,8.05,8.05,8.05,7.95,81.34M,0.00%
11/10/2022,8.05,8,8.1,8,78.77M,0.63%
11/9/2022,8,8.1,8.15,8,5.35M,-1.23%
11/8/2022,8.1,8.1,8.1,8,128.73M,0.00%
11/7/2022,8.1,7.95,8.15,8,5.76M,1.89%
11/4/2022,7.95,7.95,8.1,7.9,190.37M,0.00%
11/3/2022,7.95,7.9,8,7.85,112.33M,0.63%
11/2/2022,7.9,7.9,7.9,7.85,23.52M,0.00%
11/1/2022,7.9,7.8,7.95,7.75,24.68M,1.28%
10/31/2022,7.8,7.7,7.95,7.8,16.64M,1.30%
10/28/2022,7.7,7.7,7.9,7.7,3.19M,0.00%
10/27/2022,7.7,8,8,7.7,7.00M,0.00%
10/26/2022,7.7,8,7.95,7.5,6.32M,-3.75%
10/25/2022,8,8,8,7.95,4.67M,0.00%
10/24/2022,8,8.05,8,7.9,2.57M,-0.62%
10/21/2022,8.05,8.15,8.1,8,8.21M,-1.23%
10/20/2022,8.15,8.3,8.25,8.05,4.35M,-1.81%
10/19/2022,8.3,8.3,8.35,8.25,4.44M,0.00%
10/18/2022,8.3,8.15,8.4,8.15,8.95M,1.84%
10/17/2022,8.15,8,8.15,8.15,956.80K,1.87%
10/14/2022,8,8,8,8,2.78M,0.00%
10/13/2022,8,7.75,8,7.85,8.45M,3.23%
10/12/2022,7.75,7.8,7.8,7.75,2.43M,-0.64%
10/11/2022,7.8,7.6,7.9,7.6,1.80M,2.63%
10/7/2022,7.6,7.6,7.65,7.6,1.84M,0.00%
10/6/2022,7.6,7.5,7.6,7.5,3.62M,1.33%
10/5/2022,7.5,7.6,7.8,7.5,3.69M,-1.32%
10/4/2022,7.6,8.05,8,7.6,5.20M,-5.59%
9/30/2022,8.05,8.05,8.05,8,7.17M,0.00%
9/29/2022,8.05,7.95,8.4,8,7.72M,-1.23%
9/28/2022,8.15,8.4,8.35,8.15,3.47M,-2.98%
9/27/2022,8.4,8.8,8.5,8.4,1.70M,-4.55%
9/26/2022,8.8,8.8,8.8,8.75,2.74M,0.00%
9/23/2022,8.8,8.3,8.8,8.35,4.10M,6.02%
9/22/2022,8.3,8.2,8.35,8.2,8.23M,1.22%
9/21/2022,8.2,8.3,8.35,8.2,2.08M,-1.20%
9/20/2022,8.3,8.3,8.4,8.3,3.27M,0.00%
9/19/2022,8.3,8.3,8.3,8.3,1.12M,0.00%
9/16/2022,8.3,8.75,8.7,8.3,11.35M,-5.14%
9/15/2022,8.75,8.9,8.95,8.45,28.47M,-2.23%
9/14/2022,8.95,8.9,8.95,8.9,5.24M,0.56%
9/13/2022,8.9,8.85,9,8.9,5.84M,0.56%
9/12/2022,8.85,8.85,8.95,8.85,5.25M,0.00%
9/9/2022,8.85,8.65,8.85,8.75,2.15M,2.31%
9/8/2022,8.65,8.75,8.7,8.65,3.77M,-1.14%
9/7/2022,8.75,8.7,8.75,8.7,1.80M,0.57%
9/6/2022,8.7,8.75,8.75,8.65,4.70M,-0.57%
9/5/2022,8.75,8.7,8.75,8.6,2.14M,0.57%
9/2/2022,8.7,8.5,8.85,8.65,3.67M,2.35%
9/1/2022,8.5,8.3,8.5,8.4,6.09M,2.41%
8/31/2022,8.3,8.15,8.4,8.2,27.70M,1.84%
8/30/2022,8.15,8.2,8.2,8.15,8.99M,-0.61%
8/29/2022,8.2,8.2,8.2,8.15,35.81M,0.00%
8/26/2022,8.2,8.2,8.2,8.15,18.93M,0.00%
8/25/2022,8.2,8.2,8.25,8.2,15.85M,0.00%
8/24/2022,8.2,8.3,8.3,8.2,27.90M,-1.20%
8/23/2022,8.3,8.3,8.35,8.3,12.97M,0.00%
8/22/2022,8.3,8.3,8.45,8.25,7.87M,0.00%
8/19/2022,8.3,8.35,8.35,8.25,15.36M,-0.60%
8/18/2022,8.35,8.5,8.5,8,10.20M,-1.76%
8/17/2022,8.5,8.5,8.5,8.4,5.49M,0.00%
8/16/2022,8.5,8.55,8.55,8.5,20.10M,-0.58%
8/15/2022,8.55,8.8,8.8,8.55,7.51M,-2.84%
8/12/2022,8.8,8.85,8.9,8.8,5.77M,-0.56%
8/11/2022,8.85,8.95,9,8.85,8.17M,-1.12%
8/10/2022,8.95,9,9,8.95,1.61M,-0.56%
8/9/2022,9,9,9,9,5.91M,0.00%
8/8/2022,9,9,9.05,9,12.35M,0.00%
8/5/2022,9,9,9.25,9,5.55M,0.00%
8/4/2022,9,8.9,9,9,9.74M,1.12%
8/3/2022,8.9,8.9,8.95,8.9,6.61M,0.00%
8/2/2022,8.9,8.9,9,8.9,4.43M,0.00%
8/1/2022,8.9,9,9,8.9,16.78M,-1.11%
7/29/2022,9,8.5,9.15,8.45,7.32M,5.88%
7/28/2022,8.5,8.5,8.55,8.45,10.86M,0.00%
7/27/2022,8.5,8.9,8.65,8.5,7.16M,-4.49%
7/26/2022,8.9,9,9.05,8.9,4.19M,-1.11%
7/25/2022,9,9.1,9,9,2.68M,-1.10%
7/22/2022,9.1,9.1,9.1,9.05,6.83M,0.00%
7/21/2022,9.1,9.05,9.15,9.05,10.36M,0.55%
7/20/2022,9.05,9.15,9.15,9,21.90M,-1.09%
7/19/2022,9.15,9.25,9.25,9,16.09M,-1.08%
7/18/2022,9.25,9.2,9.9,9.25,6.71M,0.54%
7/15/2022,9.2,9.25,9.25,9.15,10.78M,-0.54%
7/14/2022,9.25,9.3,9.3,9.25,6.42M,-0.54%
7/13/2022,9.3,9.5,9.5,9.2,7.72M,-2.11%
7/8/2022,9.5,9.7,9.6,9.5,6.35M,-2.06%
7/7/2022,9.7,9.5,9.7,9.5,1.02M,2.11%
7/6/2022,9.5,9.45,9.5,9.4,2.40M,0.53%
7/5/2022,9.45,9.3,9.5,9.4,8.30M,1.61%
7/4/2022,9.3,9.4,9.5,9.3,6.63M,-1.06%
7/1/2022,9.4,9.25,9.4,9.4,1.21M,1.62%
6/30/2022,9.25,9.25,9.25,9.2,8.63M,0.00%
6/29/2022,9.25,9.25,9.3,9.25,22.52M,0.00%
6/28/2022,9.25,9.4,9.35,9.25,7.60M,-1.60%
6/27/2022,9.4,9.5,9.45,9.4,29.27M,-1.05%
6/24/2022,9.5,9.5,9.55,9.5,8.98M,0.00%
6/23/2022,9.5,9.5,9.55,9.5,24.10M,0.00%
6/22/2022,9.5,9.45,9.5,9.45,22.77M,0.53%
6/21/2022,9.45,9.4,9.45,9.4,2.28M,0.53%
6/20/2022,9.4,9.3,9.4,9.35,21.97M,1.08%
6/17/2022,9.3,9.55,9.5,9.3,9.08M,-2.62%
6/16/2022,9.55,9.55,9.55,9.5,3.36M,0.00%
6/15/2022,9.55,9.8,9.7,9.55,3.47M,-2.55%
6/14/2022,9.8,9.8,9.85,9.75,30.10M,0.00%
6/10/2022,9.8,9.75,9.8,9.7,11.96M,0.51%
6/9/2022,9.75,9.8,9.85,9.75,8.20M,-0.51%
6/8/2022,9.8,9.95,9.9,9.8,6.13M,-1.51%
6/7/2022,9.95,9.95,9.95,9.9,10.51M,0.00%
6/6/2022,9.95,9.95,10,9.9,5.46M,0.00%
6/3/2022,9.95,9.9,10,9.9,6.22M,0.51%
6/2/2022,9.9,9.9,9.95,9.85,11.69M,0.00%
6/1/2022,9.9,10,9.95,9.9,2.85M,-1.00%
5/31/2022,10,10,10,9.9,14.12M,0.00%
5/30/2022,10,9.85,10.05,9.9,21.25M,1.52%
5/27/2022,9.85,9.8,9.9,9.65,12.46M,0.51%
5/26/2022,9.8,9.85,9.9,9.7,25.32M,1.03%
5/25/2022,9.7,9.95,9.9,9.6,30.69M,-2.51%
5/24/2022,9.95,9.95,10.05,9.95,60.52M,0.00%
5/23/2022,9.95,9.85,9.95,9.8,11.66M,1.02%
5/20/2022,9.85,9.9,9.9,9.85,6.88M,-0.51%
5/19/2022,9.9,9.7,9.9,9.55,11.92M,2.06%
5/18/2022,9.7,9.8,9.9,9.7,13.79M,-1.02%
5/17/2022,9.8,9.7,9.8,9.7,3.89M,1.03%
5/16/2022,9.7,9.65,9.7,9.6,28.75M,0.52%
5/13/2022,9.65,9.6,9.7,9.6,9.72M,0.52%
5/12/2022,9.6,9.55,9.7,9.55,17.02M,0.52%
5/11/2022,9.55,9.55,9.65,9.55,11.70M,0.00%
5/10/2022,9.55,9.55,9.6,9.55,7.94M,0.00%
5/9/2022,9.55,9.6,9.65,9.55,19.35M,-0.52%
5/6/2022,9.6,9.65,9.7,9.6,13.66M,-0.52%
5/5/2022,9.65,9.6,9.7,9.65,17.18M,0.52%
5/4/2022,9.6,9.7,9.7,9.6,23.80M,-1.03%
4/29/2022,9.7,9.9,9.85,9.65,15.49M,-2.02%
4/28/2022,9.9,10,10,9.85,10.96M,0.51%
4/27/2022,9.85,9.9,10,9.85,6.92M,-0.51%
4/26/2022,9.9,9.9,10,9.9,5.22M,0.00%
4/25/2022,9.9,10,10.1,9.9,3.65M,-1.00%
4/22/2022,10,9.6,10.05,9.6,21.66M,4.17%
4/21/2022,9.6,9.6,9.7,9.6,7.35M,0.00%
4/20/2022,9.6,9.65,9.7,9.5,6.61M,-7.25%
4/19/2022,10.35,10.25,10.35,10.2,23.96M,0.98%
4/14/2022,10.25,10.35,10.3,10.2,33.87M,-0.97%
4/13/2022,10.35,10.4,10.4,10.3,14.78M,-0.48%
4/12/2022,10.4,10,10.45,10.15,6.85M,4.00%
4/11/2022,10,9.8,10.2,9.8,12.38M,2.04%
4/8/2022,9.8,9.7,9.9,9.75,7.80M,1.03%
4/7/2022,9.7,9.75,9.8,9.7,12.91M,-0.51%
4/6/2022,9.75,9.75,9.8,9.75,15.26M,0.00%
4/5/2022,9.75,9.6,9.8,9.6,14.48M,1.56%
4/4/2022,9.6,9.7,9.75,9.6,11.96M,-1.03%
4/1/2022,9.7,9.75,9.75,9.6,13.75M,-0.51%
3/31/2022,9.75,10,9.9,9.75,15.23M,-2.50%
3/30/2022,10,10.05,10.1,9.9,29.47M,-0.50%
3/29/2022,10.05,10.25,10.2,10.05,30.30M,-1.95%
