"Date","Price","Open","High","Low","Vol.","Change %"
"03/27/2026","46.00","47.00","48.00","44.60","218.71K","0.00%"
"03/26/2026","46.00","46.00","46.00","46.00","345.80K","0.00%"
"03/25/2026","46.00","46.00","46.00","46.00","320.77K","0.00%"
"03/24/2026","46.00","46.00","46.00","46.00","355.31K","0.00%"
"03/23/2026","46.00","46.00","46.00","46.00","1.14M","0.00%"
"03/18/2026","46.00","46.00","46.00","46.00","115.47K","0.00%"
"03/17/2026","46.00","45.95","47.15","46.00","1.99M","0.11%"
"03/16/2026","45.95","45.95","45.95","45.95","509.02K","0.00%"
"03/13/2026","45.95","45.95","45.95","45.95","679.50K","0.00%"
"03/12/2026","45.95","46.00","46.00","45.95","865.27K","-0.11%"
"03/11/2026","46.00","46.00","46.00","46.00","937.42K","0.00%"
"03/10/2026","46.00","45.00","46.00","46.00","725.59K","2.22%"
"03/09/2026","45.00","45.00","45.00","45.00","394.05K","0.00%"
"03/06/2026","45.00","45.00","45.00","45.00","603.63K","0.00%"
"03/05/2026","45.00","45.00","45.00","45.00","212.50K","0.00%"
"03/04/2026","45.00","47.10","47.00","45.00","2.42M","-4.46%"
"03/03/2026","47.10","48.00","48.00","47.05","4.76M","-1.88%"
"03/02/2026","48.00","48.00","48.00","48.00","738.96K","0.00%"
"02/27/2026","48.00","48.00","48.00","48.00","4.99M","0.00%"
"02/26/2026","48.00","48.00","48.00","48.00","2.66M","0.00%"
"02/25/2026","48.00","48.00","48.00","47.50","4.29M","0.00%"
"02/24/2026","48.00","47.00","48.00","48.00","2.25M","2.13%"
"02/23/2026","47.00","47.60","48.50","47.00","4.50M","-1.26%"
"02/20/2026","47.60","45.00","47.60","46.45","3.04M","5.78%"
"02/19/2026","45.00","45.00","45.00","45.00","430.68K","0.00%"
"02/18/2026","45.00","43.00","45.00","45.00","1.24M","4.65%"
"02/17/2026","43.00","44.00","45.00","43.00","4.71M","-2.27%"
"02/16/2026","44.00","45.00","44.00","44.00","5.77M","-2.22%"
"02/13/2026","45.00","45.00","45.00","45.00","6.52M","0.00%"
"02/12/2026","45.00","49.30","45.00","45.00","5.26M","-8.72%"
"02/11/2026","49.30","49.30","49.30","49.30","3.18M","0.00%"
"02/10/2026","49.30","49.30","49.30","49.30","2.66M","0.00%"
"02/09/2026","49.30","51.90","50.00","49.00","1.94M","-5.01%"
"02/06/2026","51.90","48.00","51.90","49.50","928.33K","8.13%"
"02/05/2026","48.00","48.00","48.00","48.00","416.29K","0.00%"
"02/04/2026","48.00","48.40","48.40","48.00","1.17M","9.09%"
"02/03/2026","44.00","44.00","44.00","44.00","5.20M","0.00%"
"02/02/2026","44.00","48.00","48.00","44.00","11.64M","-8.33%"
"01/30/2026","48.00","48.00","48.00","48.00","133.38K","0.00%"
"01/29/2026","48.00","48.00","48.00","48.00","178.00K","0.00%"
"01/28/2026","48.00","48.00","48.00","48.00","447.78K","0.00%"
"01/27/2026","48.00","48.00","48.00","48.00","504.08K","0.00%"
"01/26/2026","48.00","47.00","48.00","48.00","2.45M","2.13%"
"01/23/2026","47.00","47.00","47.00","47.00","193.05K","0.00%"
"01/22/2026","47.00","47.00","47.00","47.00","434.95K","0.00%"
"01/21/2026","47.00","50.00","47.00","47.00","517.75K","-6.00%"
"01/20/2026","50.00","50.00","50.00","50.00","250.53K","0.00%"
"01/19/2026","50.00","47.00","50.00","50.00","1.68M","6.38%"
"01/16/2026","47.00","47.00","47.00","47.00","789.36K","0.00%"
"01/15/2026","47.00","45.00","47.00","47.00","910.82K","4.44%"
"01/14/2026","45.00","45.00","45.00","45.00","377.36K","0.00%"
"01/13/2026","45.00","45.00","45.00","44.65","3.45M","0.00%"
"01/12/2026","45.00","44.65","45.00","44.95","2.12M","0.78%"
"01/09/2026","44.65","43.50","44.65","44.65","307.99K","2.64%"
"01/08/2026","43.50","42.00","43.75","43.50","1.39M","3.57%"
"01/07/2026","42.00","45.90","45.00","42.00","18.64M","-8.50%"
"01/06/2026","45.90","45.90","45.90","45.90","628.90K","0.00%"
"01/05/2026","45.90","41.90","45.90","45.90","425.66K","9.55%"
"01/02/2026","41.90","41.90","41.90","41.90","123.93K","0.00%"
"12/31/2025","41.90","42.00","41.90","41.90","424.91K","-0.24%"
"12/30/2025","42.00","41.80","42.00","42.00","3.26M","0.48%"
"12/29/2025","41.80","38.00","41.80","41.80","1.20M","10.00%"
"12/24/2025","38.00","38.00","38.00","38.00","223.75K","0.00%"
"12/23/2025","38.00","38.00","38.00","38.00","285.65K","0.00%"
"12/22/2025","38.00","37.90","38.00","37.90","7.87M","0.26%"
"12/19/2025","37.90","37.90","37.90","37.90","285.80K","0.00%"
"12/18/2025","37.90","36.50","37.90","37.90","571.19K","3.84%"
"12/17/2025","36.50","36.50","36.50","36.50","213.09K","0.00%"
"12/16/2025","36.50","36.50","36.50","36.50","129.96K","0.00%"
"12/15/2025","36.50","36.50","36.50","36.50","83.70K","0.00%"
"12/12/2025","36.50","36.50","36.50","36.50","79.18K","0.00%"
"12/11/2025","36.50","36.50","36.50","36.50","81.81K","0.00%"
"12/10/2025","36.50","36.50","36.50","36.50","328.65K","0.00%"
"12/09/2025","36.50","36.50","37.00","36.50","670.71K","0.00%"
"12/08/2025","36.50","36.50","36.50","36.50","240.54K","0.00%"
"12/05/2025","36.50","36.90","36.50","36.50","588.17K","-1.08%"
"12/04/2025","36.90","34.00","36.90","34.00","21.88M","8.53%"
"12/03/2025","34.00","34.65","34.00","34.00","20.96M","-1.88%"
"12/02/2025","34.65","34.65","34.65","34.65","42.16K","0.00%"
"12/01/2025","34.65","34.65","34.65","34.65","241.81K","0.00%"
"11/28/2025","34.65","34.65","34.65","34.65","135.51K","0.00%"
"11/27/2025","34.65","34.65","34.65","34.65","353.84K","0.00%"
"11/26/2025","34.65","34.65","34.65","34.65","345.92K","0.00%"
"11/25/2025","34.65","34.65","34.65","34.65","140.36K","0.00%"
"11/24/2025","34.65","34.65","34.65","34.65","101.90K","0.00%"
"11/21/2025","34.65","34.65","34.65","34.65","72.73K","0.00%"
"11/20/2025","34.65","34.65","34.65","34.65","95.35K","0.00%"
"11/19/2025","34.65","34.65","34.65","34.65","302.54K","0.00%"
"11/18/2025","34.65","34.65","34.65","34.65","98.21K","0.00%"
"11/17/2025","34.65","34.65","34.65","34.65","283.64K","0.00%"
"11/14/2025","34.65","34.65","34.65","34.65","1.22M","0.00%"
"11/13/2025","34.65","34.65","34.65","34.65","104.17K","0.00%"
"11/12/2025","34.65","34.50","34.65","33.65","1.08M","10.00%"
"11/11/2025","31.50","34.50","34.00","31.50","960.32K","-8.70%"
"11/10/2025","34.50","35.50","34.50","34.50","454.58K","-2.82%"
"11/07/2025","35.50","36.00","36.00","35.50","475.46K","-1.39%"
"11/06/2025","36.00","37.50","37.00","36.00","1.67M","-4.00%"
"11/05/2025","37.50","38.20","37.50","37.50","1.77M","-1.83%"
"11/04/2025","38.20","39.00","38.20","38.20","3.51M","-2.05%"
"11/03/2025","39.00","38.95","39.00","38.00","2.82M","0.13%"
"10/31/2025","38.95","39.90","39.00","38.70","2.14M","-2.38%"
"10/30/2025","39.90","38.20","39.90","38.55","1.26M","4.45%"
"10/29/2025","38.20","37.45","38.95","37.45","3.84M","2.00%"
"10/28/2025","37.45","36.00","37.70","36.10","4.66M","4.03%"
"10/27/2025","36.00","36.00","36.00","36.00","339.90K","0.00%"
"10/24/2025","36.00","36.20","36.00","36.00","1.11M","-0.55%"
"10/23/2025","36.20","36.00","36.20","36.00","1.15M","0.56%"
"10/22/2025","36.00","36.00","36.00","36.00","1.24M","0.00%"
"10/21/2025","36.00","36.00","36.00","36.00","137.24K","0.00%"
"10/20/2025","36.00","36.00","36.00","36.00","205.33K","0.00%"
"10/17/2025","36.00","35.30","36.00","36.00","1.91M","1.98%"
"10/16/2025","35.30","35.30","35.30","35.30","400.92K","0.00%"
"10/15/2025","35.30","35.50","35.30","35.30","1.69M","-0.56%"
"10/14/2025","35.50","35.50","35.50","35.50","547.60K","0.00%"
"10/13/2025","35.50","35.50","35.50","35.50","222.12K","0.00%"
"10/10/2025","35.50","35.50","35.50","35.50","171.01K","0.00%"
"10/09/2025","35.50","35.50","35.50","35.50","100.90K","0.00%"
"10/08/2025","35.50","35.50","35.50","35.50","637.69K","0.00%"
"10/07/2025","35.50","35.30","35.50","35.50","459.14K","0.57%"
"10/06/2025","35.30","35.30","35.30","35.30","620.81K","0.00%"
"10/03/2025","35.30","35.30","35.30","35.30","159.56K","0.00%"
"10/02/2025","35.30","36.00","35.30","35.30","2.44M","-1.94%"
"09/30/2025","36.00","36.50","36.00","35.50","1.53M","-1.37%"
"09/29/2025","36.50","36.50","36.50","36.50","810.68K","0.00%"
"09/26/2025","36.50","36.50","36.50","36.50","866.42K","0.00%"
"09/25/2025","36.50","36.50","36.50","36.50","321.21K","0.00%"
"09/24/2025","36.50","36.50","36.50","36.50","753.60K","0.00%"
"09/23/2025","36.50","36.50","36.50","36.50","751.74K","0.00%"
"09/22/2025","36.50","36.50","36.50","36.50","303.01K","0.00%"
"09/19/2025","36.50","36.00","36.50","36.00","3.16M","1.39%"
"09/18/2025","36.00","36.00","36.00","36.00","258.15K","0.00%"
"09/17/2025","36.00","36.00","36.00","36.00","11.38M","0.00%"
"09/16/2025","36.00","36.00","36.00","36.00","1.92M","0.00%"
"09/15/2025","36.00","36.00","36.00","36.00","407.09K","0.00%"
"09/12/2025","36.00","36.00","36.00","36.00","300.51K","0.00%"
"09/11/2025","36.00","36.00","36.00","36.00","447.22K","0.00%"
"09/10/2025","36.00","36.00","36.00","36.00","314.84K","0.00%"
"09/09/2025","36.00","36.00","36.00","36.00","113.51K","0.00%"
"09/08/2025","36.00","36.00","36.00","36.00","356.00K","0.00%"
"09/04/2025","36.00","36.00","36.00","36.00","111.72K","0.00%"
"09/03/2025","36.00","36.00","36.00","36.00","390.54K","0.00%"
"09/02/2025","36.00","36.10","36.15","36.00","878.38K","-0.28%"
"09/01/2025","36.10","36.55","36.55","36.10","1.24M","-1.23%"
"08/29/2025","36.55","36.55","36.55","36.55","194.03K","0.00%"
"08/28/2025","36.55","36.50","36.55","36.55","658.69K","0.14%"
"08/27/2025","36.50","36.50","36.50","36.50","5.61M","0.00%"
"08/26/2025","36.50","39.20","36.55","36.50","6.04M","-6.89%"
"08/25/2025","39.20","39.20","39.20","39.20","1.22M","0.00%"
"08/22/2025","39.20","39.20","39.20","39.20","892.24K","0.00%"
"08/21/2025","39.20","39.20","39.20","39.20","939.08K","0.00%"
"08/20/2025","39.20","39.20","39.20","39.20","1.23M","0.00%"
"08/19/2025","39.20","39.20","39.25","38.90","12.71M","0.00%"
"08/18/2025","39.20","38.80","39.20","38.85","13.47M","1.03%"
"08/15/2025","38.80","38.05","38.80","38.80","2.67M","1.97%"
"08/14/2025","38.05","37.80","38.05","37.80","16.51M","0.66%"
"08/13/2025","37.80","37.50","37.80","37.50","4.06M","0.80%"
"08/12/2025","37.50","37.05","37.70","37.45","13.77M","1.21%"
"08/11/2025","37.05","37.00","37.50","37.00","29.27M","0.14%"
"08/08/2025","37.00","37.00","37.00","37.00","28.78M","0.00%"
"08/07/2025","37.00","36.00","37.00","36.00","2.00M","2.78%"
"08/06/2025","36.00","35.50","36.00","36.00","486.46K","1.41%"
"08/05/2025","35.50","34.00","35.50","35.50","2.22M","4.41%"
"08/04/2025","34.00","37.45","36.00","34.00","2.40M","-9.21%"
"08/01/2025","37.45","37.45","37.45","37.45","990.53K","0.00%"
"07/31/2025","37.45","37.50","37.50","37.00","7.76M","-0.13%"
"07/30/2025","37.50","36.60","37.50","37.50","25.70M","2.46%"
"07/29/2025","36.60","35.00","36.60","35.00","4.26M","7.65%"
"07/28/2025","34.00","32.00","34.90","34.00","1.21M","6.25%"
"07/25/2025","32.00","34.00","33.35","31.00","4.55M","-5.88%"
"07/24/2025","34.00","34.90","34.00","33.55","933.24K","-2.58%"
"07/23/2025","34.90","34.90","34.90","34.50","1.94M","0.00%"
"07/22/2025","34.90","34.90","34.90","34.90","210.60K","0.00%"
"07/21/2025","34.90","35.00","35.00","34.90","2.96M","-0.29%"
"07/18/2025","35.00","34.95","35.00","34.95","1.88M","0.00%"
"07/17/2025","35.00","35.00","35.00","35.00","5.54M","0.00%"
"07/16/2025","35.00","34.50","35.00","34.50","13.49M","1.45%"
"07/14/2025","34.50","33.95","34.50","34.50","1.52M","1.62%"
"07/11/2025","33.95","31.00","33.95","33.95","865.67K","9.52%"
"07/10/2025","31.00","31.00","31.00","31.00","49.70M","0.00%"
"07/09/2025","31.00","31.00","31.00","31.00","4.79M","0.00%"
"07/08/2025","31.00","31.00","31.00","31.00","1.37M","0.00%"
"07/07/2025","31.00","31.00","31.00","31.00","2.75M","0.00%"
"07/04/2025","31.00","30.50","31.00","30.50","1.71M","1.64%"
"07/03/2025","30.50","31.00","30.80","30.50","1.39M","-1.61%"
"07/02/2025","31.00","31.00","31.00","31.00","6.83M","0.00%"
"07/01/2025","31.00","30.90","31.00","31.00","6.64M","0.32%"
"06/30/2025","30.90","31.00","31.00","30.90","6.19M","-0.32%"
"06/27/2025","31.00","31.00","31.00","31.00","289.45K","0.00%"
"06/26/2025","31.00","31.00","31.00","31.00","676.58K","0.00%"
"06/25/2025","31.00","31.00","31.00","31.00","566.82K","0.00%"
"06/24/2025","31.00","30.50","31.00","30.50","2.03M","1.64%"
"06/23/2025","30.50","30.50","30.50","30.50","612.99K","0.00%"
"06/20/2025","30.50","30.50","30.50","30.50","442.71K","0.00%"
"06/19/2025","30.50","30.50","30.50","30.50","243.90K","0.00%"
"06/18/2025","30.50","30.50","30.50","30.50","191.29K","0.00%"
"06/17/2025","30.50","30.00","30.50","30.00","51.73M","1.67%"
"06/16/2025","30.00","30.00","30.00","30.00","1.23M","0.00%"
"06/13/2025","30.00","30.35","30.00","30.00","3.16M","-1.15%"
"06/11/2025","30.35","31.35","31.35","30.35","4.36M","-3.19%"
"06/10/2025","31.35","31.35","31.35","31.35","339.47K","0.00%"
"06/05/2025","31.35","31.35","31.50","31.35","2.92M","0.00%"
"06/04/2025","31.35","32.00","32.05","31.35","2.92M","-2.03%"
"06/03/2025","32.00","32.00","35.20","32.00","27.69M","0.00%"
"06/02/2025","32.00","31.55","32.00","31.80","8.36M","1.43%"
"05/30/2025","31.55","30.50","31.55","30.50","7.60M","4.82%"
"05/29/2025","30.10","30.10","30.10","30.10","978.58K","0.00%"
"05/28/2025","30.10","29.50","30.50","30.00","3.46M","2.03%"
"05/27/2025","29.50","29.50","29.50","29.50","400.79K","0.00%"
"05/26/2025","29.50","29.50","29.50","29.50","409.97K","0.00%"
"05/23/2025","29.50","29.50","29.50","29.50","143.51K","0.00%"
"05/22/2025","29.50","29.50","29.50","29.50","125.16K","0.00%"
"05/21/2025","29.50","29.50","29.50","29.50","159.92K","0.00%"
"05/20/2025","29.50","29.00","29.50","29.50","322.54K","1.72%"
"05/19/2025","29.00","28.70","29.00","29.00","922.52K","1.05%"
"05/16/2025","28.70","28.70","28.70","28.70","265.31K","0.00%"
"05/15/2025","28.70","28.70","28.70","28.70","527.38K","0.00%"
"05/14/2025","28.70","28.70","28.70","28.70","131.39K","0.00%"
"05/13/2025","28.70","28.70","28.70","28.70","106.55K","0.00%"
"05/12/2025","28.70","28.70","28.70","28.70","289.81K","0.00%"
"05/09/2025","28.70","28.70","28.70","28.70","258.16K","0.00%"
"05/08/2025","28.70","28.40","28.70","28.70","1.16M","1.06%"
"05/07/2025","28.40","25.85","28.40","27.95","2.33M","9.86%"
"05/06/2025","25.85","23.50","25.85","25.85","124.87K","10.00%"
"05/05/2025","23.50","26.00","26.50","23.50","3.73M","-9.62%"
"05/02/2025","26.00","28.80","27.20","26.00","5.17M","-9.72%"
"04/30/2025","28.80","32.00","28.80","28.80","3.10M","-10.00%"
"04/29/2025","32.00","32.00","32.00","32.00","152.05K","0.00%"
"04/28/2025","32.00","32.00","32.00","32.00","399.85K","0.00%"
"04/25/2025","32.00","29.25","32.00","32.00","276.16K","9.40%"
"04/24/2025","29.25","29.25","29.25","29.25","214.41K","0.00%"
"04/23/2025","29.25","29.25","29.25","29.25","37.48K","0.00%"
"04/22/2025","29.25","29.25","29.25","29.25","99.22K","0.00%"
"04/17/2025","29.25","26.85","29.25","27.00","584.14K","8.94%"
"04/16/2025","26.85","26.85","26.85","26.85","156.81K","0.00%"
"04/15/2025","26.85","26.85","26.85","26.85","198.49K","0.00%"
"04/14/2025","26.85","26.85","26.85","26.85","1.10M","0.00%"
"04/11/2025","26.85","26.85","26.85","26.85","30.21K","0.00%"
"04/10/2025","26.85","26.85","26.85","26.85","370.15K","0.00%"
"04/09/2025","26.85","29.80","28.00","26.85","2.38M","-9.90%"
"04/08/2025","29.80","29.40","29.80","29.80","462.17K","1.36%"
"04/07/2025","29.40","29.40","29.40","29.40","880.43K","0.00%"
"04/04/2025","29.40","29.40","29.40","29.40","372.40K","0.00%"
"04/03/2025","29.40","29.40","29.40","29.40","607.56K","0.00%"
"04/02/2025","29.40","29.40","29.40","29.40","465.38K","0.00%"
"03/28/2025","29.40","29.40","29.40","29.40","426.52K","0.00%"
"03/27/2025","29.40","29.40","29.40","29.40","73.91K","0.00%"
"03/26/2025","29.40","29.40","29.40","29.40","51.80K","0.00%"
"03/25/2025","29.40","29.40","29.40","29.40","96.84K","0.00%"
"03/24/2025","29.40","29.40","29.40","29.40","64.80K","0.00%"
"03/21/2025","29.40","29.00","29.40","29.40","406.82K","1.38%"
"03/20/2025","29.00","29.00","29.00","29.00","50.27K","0.00%"
"03/19/2025","29.00","29.00","29.00","29.00","165.29K","0.00%"
"03/18/2025","29.00","29.00","29.00","29.00","939.93K","0.00%"
"03/17/2025","29.00","29.00","29.00","29.00","70.87K","0.00%"
"03/14/2025","29.00","29.00","29.00","29.00","365.86K","0.00%"
"03/13/2025","29.00","29.40","29.25","29.00","649.34K","-1.36%"
"03/12/2025","29.40","29.40","29.40","29.40","229.09K","0.00%"
"03/11/2025","29.40","28.10","29.40","29.40","713.63K","4.63%"
"03/10/2025","28.10","29.50","28.10","28.10","536.80K","-4.75%"
"03/07/2025","29.50","29.50","29.50","29.50","536.50K","0.00%"
"03/06/2025","29.50","29.50","29.50","29.50","121.17K","0.00%"
"03/05/2025","29.50","29.50","29.50","29.50","95.61K","0.00%"
"03/04/2025","29.50","32.70","29.50","29.50","4.33M","-9.79%"
"03/03/2025","32.70","30.40","32.70","32.70","554.55K","7.57%"
"02/28/2025","30.40","31.40","30.40","30.40","1.44M","-3.18%"
"02/27/2025","31.40","34.70","31.40","31.40","220.10K","-9.51%"
"02/26/2025","34.70","34.70","34.70","34.70","362.44K","0.00%"
"02/25/2025","34.70","34.70","34.70","34.70","921.22K","0.00%"
"02/24/2025","34.70","34.70","34.70","34.70","114.90K","0.00%"
"02/21/2025","34.70","34.70","34.70","34.70","35.05K","0.00%"
"02/20/2025","34.70","34.70","34.70","34.70","34.29K","0.00%"
"02/19/2025","34.70","34.70","34.70","34.70","258.09K","0.00%"
"02/18/2025","34.70","34.70","34.70","34.70","72.18K","0.00%"
"02/17/2025","34.70","34.70","34.70","34.70","301.70K","0.00%"
"02/14/2025","34.70","34.60","34.70","34.70","370.13K","0.29%"
"02/13/2025","34.60","32.00","34.60","33.95","2.06M","8.12%"
"02/12/2025","32.00","31.30","32.00","31.50","1.90M","2.24%"
"02/11/2025","31.30","31.30","31.30","31.30","349.85K","0.00%"
"02/10/2025","31.30","31.30","31.30","31.30","250.85K","0.00%"
"02/07/2025","31.30","31.30","31.30","31.30","421.28K","0.00%"
"02/06/2025","31.30","30.40","32.25","31.30","640.71K","2.96%"
"02/05/2025","30.40","30.40","30.40","30.40","1.44M","0.00%"
"02/04/2025","30.40","30.40","30.40","30.40","344.83K","0.00%"
"02/03/2025","30.40","30.40","30.40","30.40","93.73K","0.00%"
"01/31/2025","30.40","30.40","30.40","30.40","106.67K","0.00%"
"01/30/2025","30.40","30.40","30.40","30.40","397.15K","0.00%"
"01/29/2025","30.40","30.40","30.40","30.40","80.02K","0.00%"
"01/28/2025","30.40","30.40","30.40","30.40","213.63K","0.00%"
"01/27/2025","30.40","30.40","30.40","30.40","556.38K","0.00%"
"01/24/2025","30.40","30.40","30.40","30.40","86.00K","0.00%"
"01/23/2025","30.40","30.40","30.40","30.40","260.41K","0.00%"
"01/22/2025","30.40","30.40","30.40","30.40","28.70K","0.00%"
"01/21/2025","30.40","30.40","30.40","30.40","95.82K","0.00%"
"01/20/2025","30.40","30.40","30.40","30.40","56.64K","0.00%"
"01/17/2025","30.40","30.40","30.40","30.40","231.20K","0.00%"
"01/16/2025","30.40","30.40","30.40","30.40","170.89K","0.00%"
"01/15/2025","30.40","30.40","30.40","30.40","510.96K","0.00%"
"01/14/2025","30.40","30.40","30.40","30.40","42.23K","0.00%"
"01/13/2025","30.40","30.40","30.40","30.40","1.39M","0.00%"
"01/10/2025","30.40","30.40","30.40","30.40","306.99K","0.00%"
"01/09/2025","30.40","28.00","30.40","30.40","618.76K","8.57%"
"01/08/2025","28.00","28.00","28.00","28.00","116.50K","0.00%"
"01/07/2025","28.00","28.00","28.00","28.00","99.50K","0.00%"
"01/06/2025","28.00","28.00","28.00","28.00","436.14K","0.00%"
"01/03/2025","28.00","28.00","28.00","28.00","87.98K","0.00%"
"01/02/2025","28.00","28.00","28.00","28.00","20.71K","0.00%"
"12/31/2024","28.00","28.00","28.00","28.00","149.22K","0.00%"
"12/30/2024","28.00","28.00","28.00","28.00","1.82M","0.00%"
"12/27/2024","28.00","28.00","28.00","28.00","96.44K","0.00%"
"12/24/2024","28.00","28.00","28.00","28.00","6.44M","0.00%"
"12/23/2024","28.00","28.00","28.00","28.00","142.01K","0.00%"
"12/20/2024","28.00","28.00","28.00","28.00","335.72K","0.00%"
"12/19/2024","28.00","28.00","28.00","28.00","2.06M","0.00%"
"12/18/2024","28.00","27.00","28.00","27.00","6.04M","3.70%"
"12/17/2024","27.00","27.00","27.00","27.00","56.33K","0.00%"
"12/16/2024","27.00","27.00","27.00","27.00","281.21K","0.00%"
"12/13/2024","27.00","25.50","27.00","27.00","2.73M","5.88%"
"12/12/2024","25.50","25.50","25.50","25.50","89.98K","0.00%"
"12/11/2024","25.50","25.50","25.50","25.50","26.52K","0.00%"
"12/10/2024","25.50","25.50","25.50","25.50","142.13K","0.00%"
"12/09/2024","25.50","25.50","25.50","25.50","200.33K","0.00%"
"12/06/2024","25.50","25.50","25.50","25.50","118.61K","0.00%"
"12/05/2024","25.50","25.50","25.50","25.50","87.06K","0.00%"
"12/04/2024","25.50","25.50","25.50","25.50","36.02K","0.00%"
"12/03/2024","25.50","25.50","25.50","25.50","34.69K","0.00%"
"12/02/2024","25.50","25.50","25.50","25.50","139.85K","0.00%"
"11/29/2024","25.50","25.50","25.50","25.50","30.68K","0.00%"
"11/28/2024","25.50","25.50","25.50","25.50","66.40K","0.00%"
"11/27/2024","25.50","25.50","25.50","25.50","112.40K","0.00%"
"11/26/2024","25.50","25.50","25.50","25.50","133.95K","0.00%"
"11/25/2024","25.50","25.50","25.50","25.50","772.97K","0.00%"
"11/22/2024","25.50","25.50","25.50","25.50","685.74K","0.00%"
"11/21/2024","25.50","25.50","25.50","25.50","48.55K","0.00%"
"11/20/2024","25.50","25.50","25.50","25.50","84.69K","0.00%"
"11/19/2024","25.50","25.50","25.50","25.50","217.23K","0.00%"
"11/18/2024","25.50","25.50","25.50","25.50","655.87K","0.00%"
"11/15/2024","25.50","25.50","25.50","25.50","419.06K","0.00%"
"11/14/2024","25.50","25.50","25.50","25.50","224.30K","0.00%"
"11/13/2024","25.50","25.50","25.50","25.50","959.52K","0.00%"
"11/12/2024","25.50","25.50","25.50","25.50","265.42K","0.00%"
"11/11/2024","25.50","26.00","25.50","25.50","232.15K","-1.92%"
"11/08/2024","26.00","26.00","26.00","26.00","75.26K","0.00%"
"11/07/2024","26.00","26.00","26.00","26.00","136.32K","0.00%"
"11/06/2024","26.00","24.20","26.00","26.00","802.61K","7.44%"
"11/05/2024","24.20","24.20","24.20","24.20","228.77K","0.00%"
"11/04/2024","24.20","24.20","24.20","24.20","657.54K","0.00%"
"11/01/2024","24.20","24.20","24.20","24.20","18.95K","0.00%"
"10/31/2024","24.20","24.20","24.20","24.20","367.37K","0.00%"
"10/30/2024","24.20","24.20","24.20","24.20","663.37K","0.00%"
"10/29/2024","24.20","24.20","24.20","24.20","58.51K","0.00%"
"10/28/2024","24.20","24.20","24.20","24.20","241.41K","0.00%"
"10/25/2024","24.20","24.20","24.40","24.20","2.27M","0.00%"
"10/24/2024","24.20","24.20","24.20","24.20","820.93K","0.00%"
"10/23/2024","24.20","24.20","24.20","24.20","9.23M","0.00%"
"10/22/2024","24.20","24.20","24.20","24.20","103.79K","0.00%"
"10/21/2024","24.20","24.20","24.20","24.20","21.57K","0.00%"
"10/18/2024","24.20","24.20","24.20","24.20","84.42K","0.00%"
"10/17/2024","24.20","24.20","24.20","24.20","21.52K","0.00%"
"10/16/2024","24.20","24.20","24.20","24.20","231.83K","0.00%"
"10/15/2024","24.20","24.20","24.20","24.20","390.76K","0.00%"
"10/14/2024","24.20","24.00","24.20","24.20","875.00K","0.83%"
"10/11/2024","24.00","24.00","24.00","24.00","68.63K","0.00%"
"10/10/2024","24.00","24.00","24.00","24.00","36.73K","0.00%"
"10/09/2024","24.00","24.00","24.00","24.00","87.78K","0.00%"
"10/08/2024","24.00","24.00","24.00","24.00","357.24K","0.00%"
"10/07/2024","24.00","24.00","24.00","24.00","191.19K","0.00%"
"10/04/2024","24.00","24.00","24.00","24.00","246.52K","0.00%"
"10/03/2024","24.00","24.00","24.00","24.00","324.09K","0.00%"
"10/02/2024","24.00","24.00","24.00","24.00","1.02M","0.00%"
"09/30/2024","24.00","24.00","24.00","24.00","510.83K","0.00%"
"09/27/2024","24.00","24.00","24.00","24.00","209.86K","0.00%"
"09/26/2024","24.00","24.00","24.00","24.00","45.82K","0.00%"
"09/25/2024","24.00","24.00","24.00","24.00","281.24K","0.00%"
"09/24/2024","24.00","24.00","24.00","24.00","4.04M","0.00%"
"09/23/2024","24.00","24.00","24.00","24.00","460.26K","0.00%"
"09/20/2024","24.00","24.00","24.00","24.00","722.60K","0.00%"
"09/19/2024","24.00","24.00","24.00","24.00","4.10M","0.00%"
"09/18/2024","24.00","24.00","24.00","24.00","14.46M","0.00%"
"09/17/2024","24.00","23.75","24.40","23.75","16.34M","1.05%"
"09/13/2024","23.75","21.60","23.75","22.00","14.60M","9.95%"
"09/12/2024","21.60","21.60","21.60","21.60","831.33K","0.00%"
"09/11/2024","21.60","21.90","21.60","21.60","1.86M","-1.37%"
"09/10/2024","21.90","21.90","21.90","21.90","149.68K","0.00%"
"09/09/2024","21.90","21.90","21.90","21.90","478.44K","0.00%"
"09/06/2024","21.90","20.90","21.90","21.90","422.47K","4.78%"
"09/05/2024","20.90","20.90","20.90","20.90","690.14K","0.00%"
"09/04/2024","20.90","20.90","20.90","20.90","265.07K","0.00%"
"09/03/2024","20.90","21.00","20.90","20.90","6.13M","-0.48%"
"09/02/2024","21.00","21.80","21.00","21.00","218.24K","-3.67%"
"08/30/2024","21.80","21.80","21.80","21.80","38.45K","0.00%"
"08/29/2024","21.80","21.80","21.80","21.80","71.94K","0.00%"
"08/28/2024","21.80","20.45","21.80","21.80","430.86K","6.60%"
"08/27/2024","20.45","20.45","20.45","20.45","116.20K","0.00%"
"08/26/2024","20.45","20.45","20.45","20.45","431.65K","0.00%"
"08/23/2024","20.45","20.45","20.45","20.45","45.38K","0.00%"
"08/22/2024","20.45","20.45","20.45","20.45","1.70M","0.00%"
"08/21/2024","20.45","20.45","20.45","20.45","113.88K","0.00%"
"08/20/2024","20.45","20.45","20.45","20.45","152.08K","0.00%"
"08/19/2024","20.45","20.50","20.45","20.45","294.68K","-0.24%"
"08/16/2024","20.50","20.50","20.50","20.50","125.04K","0.00%"
"08/15/2024","20.50","21.50","20.50","20.50","245.89K","-4.65%"
"08/14/2024","21.50","21.50","21.50","21.50","81.05K","0.00%"
"08/13/2024","21.50","21.85","21.50","21.50","259.83K","-1.60%"
"08/12/2024","21.85","21.85","21.85","21.85","31.13K","0.00%"
"08/09/2024","21.85","21.00","21.85","21.85","420.38K","4.05%"
"08/08/2024","21.00","20.70","21.00","20.70","516.02K","1.45%"
"08/07/2024","20.70","21.50","20.70","20.70","208.85K","-3.72%"
"08/06/2024","21.50","21.50","21.50","21.50","87.08K","0.00%"
"08/05/2024","21.50","21.50","21.50","19.85","367.93K","0.00%"
"08/02/2024","21.50","21.50","21.50","20.00","20.42K","0.00%"
"08/01/2024","21.50","22.00","21.50","21.50","169.76K","-2.27%"
"07/31/2024","22.00","22.00","22.00","20.15","180.80K","0.00%"
"07/30/2024","22.00","22.00","21.00","20.00","245.09K","0.00%"
"07/29/2024","22.00","22.00","21.70","19.95","315.37K","0.00%"
"07/26/2024","22.00","22.00","21.00","20.00","40.95K","0.00%"
"07/25/2024","22.00","22.00","21.90","20.05","180.09K","0.00%"
"07/24/2024","22.00","22.00","22.45","21.00","178.45K","0.00%"
"07/23/2024","22.00","22.00","22.00","22.00","606.84K","0.00%"
"07/22/2024","22.00","21.60","22.00","22.00","894.96K","1.85%"
"07/19/2024","21.60","21.60","22.00","21.05","364.03K","0.00%"
"07/18/2024","21.60","21.60","21.60","21.60","271.89K","0.00%"
"07/17/2024","21.60","21.60","22.75","21.25","200.98K","0.00%"
"07/16/2024","21.60","21.50","21.60","21.50","1.72M","0.47%"
"07/15/2024","21.50","21.50","22.00","21.00","41.53K","0.00%"
"07/12/2024","21.50","21.50","22.00","21.05","209.69K","0.00%"
"07/11/2024","21.50","21.50","21.50","21.50","1.47M","0.00%"
"07/10/2024","21.50","21.15","21.50","21.50","269.83K","1.65%"
"07/09/2024","21.15","22.00","22.35","21.15","1.27M","-3.86%"
"07/08/2024","22.00","22.00","22.00","20.90","30.76K","0.00%"
"07/05/2024","22.00","22.00","22.00","20.80","36.67K","0.00%"
"07/04/2024","22.00","21.35","22.00","22.00","277.25K","3.04%"
"07/03/2024","21.35","21.35","21.15","20.55","150.40K","0.00%"
"07/02/2024","21.35","21.35","21.15","20.10","365.57K","0.00%"
"07/01/2024","21.35","21.35","21.15","19.55","39.76K","0.00%"
"06/28/2024","21.35","21.35","21.15","20.60","78.64K","0.00%"
"06/27/2024","21.35","21.35","21.20","20.60","122.53K","0.00%"
"06/26/2024","21.35","21.35","21.20","20.60","45.97K","0.00%"
"06/25/2024","21.35","21.35","21.35","20.20","249.73K","0.00%"
"06/24/2024","21.35","21.35","21.25","20.20","310.17K","0.00%"
"06/21/2024","21.35","21.35","21.90","20.50","670.94K","0.00%"
"06/20/2024","21.35","21.35","21.85","20.60","506.70K","0.00%"
"06/19/2024","21.35","21.35","22.90","20.80","119.15K","0.00%"
"06/14/2024","21.35","21.35","22.30","20.65","1.75M","0.00%"
"06/13/2024","21.35","23.70","21.35","21.35","1.72M","-9.92%"
"06/11/2024","23.70","24.30","23.70","23.70","62.46M","-2.47%"
"06/10/2024","24.30","23.85","24.30","24.30","658.32K","1.89%"
"06/07/2024","23.85","22.00","23.85","23.85","276.13K","8.41%"
"06/06/2024","22.00","22.00","24.00","21.50","18.12M","0.00%"
"06/05/2024","22.00","21.00","22.00","21.00","8.79M","4.76%"
"06/04/2024","21.00","21.30","21.00","21.00","298.81K","-1.41%"
"06/03/2024","21.30","21.30","21.30","21.30","383.55K","0.00%"
"05/31/2024","21.30","21.65","21.30","21.30","2.08M","-1.62%"
"05/30/2024","21.65","21.65","21.65","21.00","59.33K","0.00%"
"05/29/2024","21.65","21.65","21.65","20.60","166.91K","0.00%"
"05/28/2024","21.65","21.65","22.10","20.00","74.61K","0.00%"
"05/27/2024","21.65","21.65","22.75","19.50","156.52K","0.00%"
"05/24/2024","21.65","24.05","21.65","21.65","554.97M","-9.98%"
"05/23/2024","24.05","24.05","22.75","21.65","347.21K","0.00%"
"05/22/2024","24.05","24.05","23.00","21.65","84.61K","0.00%"
"05/21/2024","24.05","24.05","23.40","21.90","49.23K","0.00%"
"05/20/2024","24.05","24.05","23.45","21.65","768.90K","0.00%"
"05/17/2024","24.05","24.05","22.90","21.65","313.54K","0.00%"
"05/16/2024","24.05","24.05","21.65","21.65","7.03K","0.00%"
"05/15/2024","24.05","24.05","22.85","21.65","110.61K","0.00%"
"05/14/2024","24.05","24.05","23.00","21.80","41.62K","0.00%"
"05/13/2024","24.05","24.05","23.40","21.95","108.43K","0.00%"
"05/10/2024","24.05","24.05","24.00","22.00","910.37K","0.00%"
"05/09/2024","24.05","24.05","24.00","22.00","27.74K","0.00%"
"05/08/2024","24.05","24.05","24.00","23.40","32.20K","0.00%"
"05/07/2024","24.05","24.05","24.70","23.40","95.43K","0.00%"
"05/06/2024","24.05","24.05","24.45","23.50","432.68K","0.00%"
"05/03/2024","24.05","26.00","28.40","23.40","2.32M","-7.50%"
"05/02/2024","26.00","26.00","23.40","23.40","53.65K","0.00%"
"04/30/2024","26.00","26.00","23.40","23.40","12.84K","0.00%"
"04/29/2024","26.00","26.00","23.40","23.40","7.07K","0.00%"
"04/26/2024","26.00","26.00","23.40","23.40","37.83K","0.00%"
"04/25/2024","26.00","26.00","24.65","23.40","393.61K","0.00%"
"04/24/2024","26.00","26.00","24.60","23.40","122.37K","0.00%"
"04/23/2024","26.00","26.00","24.65","23.40","118.98K","0.00%"
"04/22/2024","26.00","26.00","24.40","23.40","186.52K","0.00%"
"04/19/2024","26.00","26.00","24.65","23.55","1.96K","0.00%"
"04/18/2024","26.00","26.00","25.50","23.40","69.57K","0.00%"
"04/17/2024","26.00","26.00","26.00","23.45","262.09K","0.00%"
"04/16/2024","26.00","26.00","26.00","26.00","1.55M","0.00%"
"04/15/2024","26.00","26.00","26.00","26.00","2.62M","0.00%"
"04/12/2024","26.00","26.00","26.00","26.00","855.40K","0.00%"
"04/08/2024","26.00","26.00","26.50","25.40","553.50K","0.00%"
"04/05/2024","26.00","26.00","26.70","25.40","271.67K","0.00%"
"04/04/2024","26.00","24.50","26.00","26.00","16.43M","6.12%"
"04/03/2024","24.50","24.50","26.70","25.70","294.56K","0.00%"
"04/02/2024","24.50","24.50","26.00","24.65","203.76K","0.00%"
"03/28/2024","24.50","24.10","24.50","24.10","6.81M","1.66%"
"03/27/2024","24.10","24.10","24.10","24.10","759.70K","0.00%"
"03/26/2024","24.10","24.10","24.10","24.10","326.68K","0.00%"
"03/25/2024","24.10","26.00","24.10","24.10","362.92K","-7.31%"
"03/22/2024","26.00","26.00","26.00","26.00","208.60K","0.00%"
"03/21/2024","26.00","25.25","26.00","26.00","423.24K","2.97%"
"03/20/2024","25.25","25.30","25.25","25.25","280.78K","-0.20%"
"03/19/2024","25.30","25.25","25.30","25.30","529.12K","0.20%"
"03/18/2024","25.25","23.30","25.50","24.00","1.05M","8.37%"
"03/15/2024","23.30","23.00","23.45","23.30","3.63M","1.30%"
"03/14/2024","23.00","22.35","23.00","22.35","3.73M","4.55%"
"03/13/2024","22.00","20.00","22.00","22.00","4.41M","10.00%"
"03/12/2024","20.00","20.00","22.00","20.10","466.07K","0.00%"
"03/11/2024","20.00","20.00","22.00","20.05","772.44K","0.00%"
"03/08/2024","20.00","20.00","20.50","20.00","292.90K","0.00%"
"03/07/2024","20.00","21.70","20.00","20.00","251.29K","-7.83%"
"03/06/2024","21.70","24.10","21.70","21.70","1.04M","-9.96%"
"03/05/2024","24.10","24.10","24.10","21.70","484.08K","0.00%"
"03/04/2024","24.10","24.10","24.10","21.85","495.26K","0.00%"
"03/01/2024","24.10","24.10","24.10","22.75","159.65K","0.00%"
"02/29/2024","24.10","24.10","23.00","22.70","1.76M","0.00%"
"02/28/2024","24.10","24.10","23.95","21.75","1.29M","0.00%"
"02/27/2024","24.10","24.10","24.10","23.10","477.02K","0.00%"
"02/26/2024","24.10","24.10","25.80","23.05","1.60M","0.00%"
"02/23/2024","24.10","24.00","24.10","24.00","4.29M","0.42%"
"02/22/2024","24.00","24.00","24.00","24.00","4.97M","0.00%"
"02/21/2024","24.00","24.15","24.00","24.00","150.80K","-0.62%"
"02/20/2024","24.15","25.00","24.15","24.15","119.22K","-3.40%"
"02/19/2024","25.00","25.90","25.00","25.00","2.13M","-3.47%"
"02/16/2024","25.90","25.90","25.90","24.10","101.46K","0.00%"
"02/15/2024","25.90","25.90","25.80","24.00","115.24K","0.00%"
"02/14/2024","25.90","25.90","25.80","24.55","215.55K","0.00%"
"02/13/2024","25.90","25.90","25.80","24.55","167.45K","0.00%"
"02/12/2024","25.90","25.90","26.00","24.20","411.02K","0.00%"
"02/09/2024","25.90","26.45","25.90","25.90","18.78M","-2.08%"
"02/08/2024","26.45","26.60","26.45","26.45","2.92M","-0.56%"
"02/07/2024","26.60","26.60","26.70","26.40","1.37M","0.00%"
"02/06/2024","26.60","26.60","26.60","26.20","2.78M","0.00%"
"02/05/2024","26.60","26.60","27.00","26.05","13.87M","0.00%"
"02/02/2024","26.60","26.60","28.00","26.20","363.45K","0.00%"
"02/01/2024","26.60","26.60","26.60","26.00","5.05M","0.00%"
"01/31/2024","26.60","26.60","26.60","26.55","2.70M","0.00%"
"01/30/2024","26.60","26.50","26.60","26.50","3.46M","0.38%"
"01/29/2024","26.50","26.50","26.50","26.50","960.65K","0.00%"
"01/26/2024","26.50","26.50","26.50","26.50","1.83M","0.00%"
"01/25/2024","26.50","24.70","26.50","25.50","906.10K","7.29%"
"01/24/2024","24.70","25.60","24.70","24.10","1.33M","-3.52%"
"01/23/2024","25.60","25.85","25.90","25.60","2.56M","-0.97%"
"01/22/2024","25.85","25.85","26.50","25.85","411.93K","0.00%"
"01/19/2024","25.85","26.30","26.00","25.85","1.17M","-1.71%"
"01/18/2024","26.30","26.50","26.30","26.30","3.28M","-0.75%"
"01/17/2024","26.50","27.45","26.50","26.00","2.29M","-3.46%"
"01/16/2024","27.45","25.65","27.45","27.40","1.68M","7.02%"
"01/15/2024","25.65","25.00","25.65","25.65","801.95K","2.60%"
"01/12/2024","25.00","25.00","25.10","25.00","1.72M","0.00%"
"01/11/2024","25.00","25.00","26.70","22.70","359.87K","0.00%"
"01/10/2024","25.00","27.05","25.05","25.00","4.07M","-7.58%"
"01/09/2024","27.05","26.45","28.80","27.00","1.12M","2.27%"
"01/08/2024","26.45","25.10","26.45","25.00","1.60M","5.38%"
"01/05/2024","25.10","23.50","25.45","25.10","2.46M","6.81%"
"01/04/2024","23.50","22.60","23.50","22.70","8.31M","3.98%"
"01/03/2024","22.60","20.90","22.60","21.70","3.80M","8.13%"
"01/02/2024","20.90","20.90","22.70","21.15","583.97K","0.00%"
"12/29/2023","20.90","20.90","22.25","20.95","776.79K","0.00%"
"12/28/2023","20.90","20.90","22.35","20.75","705.06K","0.00%"
"12/27/2023","20.90","20.90","22.45","21.00","90.79K","0.00%"
"12/22/2023","20.90","20.90","22.35","21.00","271.10K","0.00%"
"12/21/2023","20.90","20.95","20.90","20.90","1.04M","-0.24%"
"12/20/2023","20.95","22.70","21.10","20.95","4.27M","-7.71%"
"12/19/2023","22.70","22.70","22.40","20.70","196.35K","0.00%"
"12/18/2023","22.70","22.70","21.50","20.60","175.76K","0.00%"
"12/15/2023","22.70","22.70","22.70","20.55","302.25K","0.00%"
"12/14/2023","22.70","22.80","22.70","22.70","614.99K","-0.44%"
"12/13/2023","22.80","22.80","22.50","20.75","494.47K","0.00%"
"12/12/2023","22.80","22.80","24.90","20.55","1.03M","0.00%"
"12/11/2023","22.80","20.75","22.80","22.80","1.98M","9.88%"
"12/08/2023","20.75","18.90","20.75","20.75","2.98M","9.79%"
"12/07/2023","18.90","18.90","20.75","19.00","1.08M","0.00%"
"12/06/2023","18.90","17.20","18.90","17.55","3.32M","9.88%"
"12/05/2023","17.20","17.10","17.20","17.20","2.19M","0.58%"
"12/04/2023","17.10","17.10","17.20","17.00","377.30K","0.00%"
"12/01/2023","17.10","17.00","17.10","17.10","596.26K","0.59%"
"11/30/2023","17.00","16.00","17.00","17.00","3.61M","6.25%"
"11/29/2023","16.00","16.00","16.40","16.00","308.65K","0.00%"
"11/28/2023","16.00","16.00","17.00","16.50","378.39K","0.00%"
"11/27/2023","16.00","16.00","16.90","16.20","509.34K","0.00%"
"11/24/2023","16.00","16.00","16.45","16.15","178.92K","0.00%"
"11/23/2023","16.00","16.00","16.35","16.05","110.02K","0.00%"
"11/22/2023","16.00","16.00","16.35","16.05","66.14K","0.00%"
"11/21/2023","16.00","16.00","16.45","16.00","81.00K","0.00%"
"11/20/2023","16.00","16.00","16.45","15.90","356.67K","0.00%"
"11/17/2023","16.00","16.00","16.00","16.00","520.38K","0.00%"
"11/16/2023","16.00","16.00","16.10","16.00","238.48K","0.00%"
"11/15/2023","16.00","16.00","16.40","15.50","64.05K","0.00%"
"11/14/2023","16.00","16.00","16.50","15.55","360.25K","0.00%"
"11/13/2023","16.00","16.00","16.00","16.00","987.29K","0.00%"
"11/10/2023","16.00","15.50","16.00","16.00","363.93K","3.23%"
"11/09/2023","15.50","15.50","15.80","15.50","234.07K","0.00%"
"11/08/2023","15.50","15.50","15.75","15.50","209.60K","0.00%"
"11/07/2023","15.50","15.50","15.75","15.55","1.26M","0.00%"
"11/06/2023","15.50","15.00","15.50","15.50","1.95M","3.33%"
"11/03/2023","15.00","15.00","15.70","15.25","154.15K","0.00%"
"11/02/2023","15.00","15.00","15.65","15.20","240.04K","0.00%"
"11/01/2023","15.00","15.00","15.00","15.00","1.02M","0.00%"
"10/31/2023","15.00","15.00","15.70","15.20","218.18K","0.00%"
"10/30/2023","15.00","15.00","15.25","14.60","269.00K","0.00%"
"10/27/2023","15.00","15.05","15.00","15.00","382.54K","-0.33%"
"10/26/2023","15.05","15.15","15.15","15.05","1.12M","-0.66%"
"10/25/2023","15.15","15.15","15.25","15.15","102.18K","0.00%"
"10/24/2023","15.15","15.15","15.25","14.90","81.18K","0.00%"
"10/23/2023","15.15","15.15","15.70","15.00","714.96K","0.00%"
"10/20/2023","15.15","15.15","15.70","15.15","50.92K","0.00%"
"10/19/2023","15.15","15.15","15.75","15.20","53.37K","0.00%"
"10/18/2023","15.15","15.15","15.80","15.25","27.43K","0.00%"
"10/17/2023","15.15","15.35","15.15","15.15","1.22M","-1.30%"
"10/16/2023","15.35","15.15","15.35","15.35","352.92K","1.32%"
"10/13/2023","15.15","15.15","15.80","14.90","76.93K","0.00%"
"10/12/2023","15.15","15.15","15.45","14.70","237.56K","0.00%"
"10/11/2023","15.15","15.15","15.50","15.00","402.32K","0.00%"
"10/10/2023","15.15","16.00","15.15","15.15","1.21M","-5.31%"
"10/09/2023","16.00","16.00","15.95","15.50","82.85K","0.00%"
"10/06/2023","16.00","16.00","16.00","16.00","809.38K","0.00%"
"10/05/2023","16.00","16.00","16.00","15.05","27.53K","0.00%"
"10/04/2023","16.00","16.00","16.00","15.10","149.16K","0.00%"
"10/03/2023","16.00","16.00","16.00","15.10","67.27K","0.00%"
"09/29/2023","16.00","16.00","16.00","16.00","3.54M","0.00%"
"09/28/2023","16.00","16.00","16.05","16.00","209.73K","0.00%"
"09/26/2023","16.00","16.00","16.00","16.00","308.99K","0.00%"
"09/25/2023","16.00","16.05","16.05","16.00","1.28M","-0.31%"
"09/22/2023","16.05","16.05","16.40","16.05","196.01K","0.00%"
"09/21/2023","16.05","16.05","16.05","16.05","735.87K","0.00%"
"09/20/2023","16.05","16.00","16.05","16.05","230.36K","0.31%"
"09/19/2023","16.00","16.00","16.00","16.00","331.06K","0.00%"
"09/18/2023","16.00","16.00","16.00","16.00","1.44M","0.00%"
"09/15/2023","16.00","16.00","16.20","16.00","33.92K","0.00%"
"09/14/2023","16.00","15.90","16.00","16.00","1.23M","0.63%"
"09/13/2023","15.90","15.90","16.25","14.80","481.26K","0.00%"
"09/12/2023","15.90","16.00","15.90","15.80","4.97M","-0.63%"
"09/11/2023","16.00","16.00","16.25","16.00","2.38M","0.00%"
"09/08/2023","16.00","16.00","16.00","16.00","1.59M","0.00%"
"09/07/2023","16.00","16.00","16.00","16.00","1.41M","0.00%"
"09/06/2023","16.00","16.00","16.00","16.00","798.57K","0.00%"
"09/05/2023","16.00","16.20","16.00","15.80","5.32M","-1.23%"
"09/04/2023","16.20","15.00","16.20","16.20","722.42K","8.00%"
"09/01/2023","15.00","15.00","15.40","14.85","87.34K","0.00%"
"08/31/2023","15.00","15.00","15.00","15.00","375.54K","0.00%"
"08/30/2023","15.00","15.00","15.40","14.70","265.55K","0.00%"
"08/29/2023","15.00","14.40","15.00","15.00","1.78M","4.17%"
"08/28/2023","14.40","15.15","14.40","14.40","636.34K","-4.95%"
"08/25/2023","15.15","15.15","15.40","15.15","127.53K","0.00%"
"08/24/2023","15.15","15.80","15.15","15.15","819.52K","-4.11%"
"08/23/2023","15.80","15.80","15.90","15.20","70.15K","0.00%"
"08/22/2023","15.80","16.15","15.80","15.80","13.20M","-2.17%"
"08/21/2023","16.15","16.15","15.80","15.00","1.00M","0.00%"
"08/18/2023","16.15","16.15","15.80","15.05","399.29K","0.00%"
"08/17/2023","16.15","16.15","15.80","15.00","325.38K","0.00%"
"08/16/2023","16.15","16.15","15.80","15.20","160.27K","0.00%"
"08/15/2023","16.15","16.15","16.15","15.05","811.85K","0.00%"
"08/14/2023","16.15","15.80","16.15","15.75","2.46M","2.22%"
"08/11/2023","15.80","15.50","15.80","15.20","2.18M","1.94%"
"08/10/2023","15.50","15.50","15.50","15.00","477.27K","0.00%"
"08/09/2023","15.50","15.00","15.75","15.50","5.55M","3.33%"
"08/08/2023","15.00","15.65","15.00","15.00","304.58K","-4.15%"
"08/07/2023","15.65","15.65","15.40","14.40","106.05K","0.00%"
"08/04/2023","15.65","15.80","15.75","15.35","1.10M","-0.95%"
"08/03/2023","15.80","15.80","15.90","14.55","300.14K","0.00%"
"08/02/2023","15.80","15.50","15.80","15.50","21.30M","1.94%"
"08/01/2023","15.50","15.30","15.70","15.25","41.87M","1.31%"
"07/31/2023","15.30","17.00","15.30","15.30","379.93K","-10.00%"
"07/28/2023","17.00","17.00","15.90","15.30","330.49K","0.00%"
"07/27/2023","17.00","16.45","17.00","16.45","1.80M","3.34%"
"07/26/2023","16.45","16.50","16.45","16.45","644.88K","-0.30%"
"07/25/2023","16.50","16.50","16.45","15.20","708.74K","0.00%"
"07/24/2023","16.50","16.15","17.40","15.80","2.69M","2.17%"
"07/21/2023","16.15","14.75","16.15","15.60","5.72M","9.49%"
"07/20/2023","14.75","14.75","14.60","13.85","247.06K","0.00%"
"07/19/2023","14.75","14.75","14.70","13.75","1.66M","0.00%"
"07/18/2023","14.75","13.95","14.75","14.00","10.55M","5.73%"
"07/17/2023","13.95","12.70","13.95","13.85","3.08M","9.84%"
"07/14/2023","12.70","14.05","12.85","12.70","31.63M","-9.61%"
"07/13/2023","14.05","15.60","15.00","14.05","13.95M","-9.94%"
"07/12/2023","15.60","16.50","15.90","15.30","2.48M","-5.45%"
"07/11/2023","16.50","16.90","16.50","16.50","7.91M","-2.37%"
"07/10/2023","16.90","16.50","17.50","16.90","7.97M","2.42%"
"07/07/2023","16.50","15.80","17.00","16.45","15.85M","4.43%"
"07/06/2023","15.80","15.80","16.30","15.75","498.71K","0.00%"
"07/05/2023","15.80","15.80","16.00","15.80","22.76M","0.00%"
"07/04/2023","15.80","16.35","15.80","15.80","959.14K","-3.36%"
"07/03/2023","16.35","15.20","16.35","15.30","14.60M","7.57%"
"06/30/2023","15.20","15.20","15.20","15.20","470.43K","0.00%"
"06/27/2023","15.20","15.20","16.00","15.00","270.41K","0.00%"
"06/26/2023","15.20","14.00","15.25","15.00","39.82M","8.57%"
"06/23/2023","14.00","15.40","15.40","14.00","32.46M","-9.09%"
"06/22/2023","15.40","15.45","15.40","15.40","4.76M","-0.32%"
"06/21/2023","15.45","15.40","16.00","15.40","1.24M","0.32%"
"06/20/2023","15.40","15.60","15.45","15.40","5.54M","-1.28%"
"06/19/2023","15.60","15.40","15.60","15.20","8.50M","1.30%"
"06/16/2023","15.40","15.25","15.50","15.40","1.85M","0.98%"
"06/15/2023","15.25","15.20","16.70","15.25","4.14M","0.33%"
"06/14/2023","15.20","13.85","15.20","14.95","37.16M","9.75%"
"06/13/2023","13.85","12.60","13.85","13.00","5.01M","9.92%"
"06/09/2023","12.60","12.60","12.95","12.60","163.67K","0.00%"
"06/08/2023","12.60","12.60","12.60","12.60","530.47K","0.00%"
"06/07/2023","12.60","12.60","12.75","12.60","4.15M","0.00%"
"06/06/2023","12.60","12.60","12.60","12.55","4.29M","0.00%"
"06/05/2023","12.60","12.55","12.60","12.50","10.46M","0.40%"
"06/02/2023","12.55","12.55","12.65","12.50","722.89K","0.00%"
"06/01/2023","12.55","12.50","12.55","12.55","505.66K","0.40%"
"05/31/2023","12.50","13.05","12.50","12.50","2.80M","-4.21%"
"05/30/2023","13.05","12.00","13.05","13.00","1.65M","8.75%"
"05/26/2023","12.00","12.00","12.00","12.00","387.33K","-4.00%"
"05/25/2023","12.50","12.60","12.50","12.50","1.13M","-0.79%"
"05/24/2023","12.60","12.50","12.60","12.60","2.39M","0.80%"
"05/23/2023","12.50","12.55","12.50","12.50","1.09M","-0.40%"
"05/22/2023","12.55","12.30","12.55","12.20","4.16M","2.03%"
"05/19/2023","12.30","12.30","12.45","12.10","508.69K","0.00%"
"05/18/2023","12.30","12.30","12.30","12.30","376.65K","0.00%"
"05/17/2023","12.30","12.00","12.30","12.30","950.83K","2.50%"
"05/16/2023","12.00","12.00","12.20","12.00","240.12K","0.00%"
"05/15/2023","12.00","12.40","12.00","12.00","1.72M","-3.23%"
"05/12/2023","12.40","12.25","12.40","12.40","1.01M","1.22%"
"05/11/2023","12.25","12.25","12.40","12.10","468.48K","0.00%"
"05/10/2023","12.25","12.00","12.25","12.10","532.91K","2.08%"
"05/09/2023","12.00","11.20","12.00","12.00","5.80M","7.14%"
"05/08/2023","11.20","11.45","11.20","11.20","1.23M","-2.18%"
"05/05/2023","11.45","11.20","11.45","11.45","426.76K","2.23%"
"05/04/2023","11.20","11.00","11.20","11.00","1.39M","1.82%"
"05/03/2023","11.00","11.00","11.00","11.00","204.10K","0.00%"
"05/02/2023","11.00","11.10","11.00","11.00","1.30M","-0.90%"
"04/28/2023","11.10","11.00","11.10","11.00","1.45M","0.91%"
"04/27/2023","11.00","11.00","11.30","10.75","225.15K","0.00%"
"04/26/2023","11.00","10.95","11.00","11.00","956.40K","0.46%"
"04/25/2023","10.95","11.00","10.95","10.95","1.03M","-0.45%"
"04/20/2023","11.00","10.50","11.00","10.50","2.38M","4.76%"
"04/19/2023","10.50","10.50","10.50","10.50","513.64K","0.00%"
"04/18/2023","10.50","10.60","10.50","10.50","1.23M","-0.94%"
"04/17/2023","10.60","10.60","10.55","10.30","269.28K","0.00%"
"04/14/2023","10.60","10.60","11.00","10.25","262.56K","0.00%"
"04/13/2023","10.60","10.60","10.60","10.25","21.57K","0.00%"
"04/12/2023","10.60","10.60","11.10","10.25","78.85K","0.00%"
"04/11/2023","10.60","10.60","11.20","10.25","155.62K","0.00%"
"04/06/2023","10.60","10.60","10.60","10.10","144.47K","0.00%"
"04/05/2023","10.60","10.60","10.75","10.10","757.86K","0.00%"
"04/04/2023","10.60","10.90","10.60","10.10","304.89K","-2.75%"
"04/03/2023","10.90","11.25","10.90","10.90","480.39K","-3.11%"
"03/31/2023","11.25","11.25","11.25","10.95","89.64K","0.00%"
"03/30/2023","11.25","10.55","11.25","11.00","455.14K","6.64%"
"03/29/2023","10.55","10.55","10.80","10.50","297.31K","0.00%"
"03/28/2023","10.55","10.55","10.70","10.20","306.01K","0.00%"
"03/27/2023","10.55","10.80","10.55","10.55","285.05K","-2.31%"
"03/24/2023","10.80","10.80","10.80","10.30","335.44K","0.00%"
"03/23/2023","10.80","10.80","11.00","10.30","92.89K","0.00%"
"03/22/2023","10.80","10.80","10.95","10.50","32.05K","0.00%"
"03/21/2023","10.80","10.80","10.90","10.60","157.66K","0.00%"
"03/20/2023","10.80","10.80","11.00","10.80","38.92K","0.00%"
"03/17/2023","10.80","10.80","11.25","10.00","150.13K","0.00%"
"03/16/2023","10.80","12.00","10.85","10.80","1.31M","-10.00%"
"03/15/2023","12.00","12.00","11.75","11.00","201.55K","0.00%"
"03/14/2023","12.00","12.00","11.75","11.35","73.69K","0.00%"
"03/13/2023","12.00","12.00","11.90","11.35","248.35K","0.00%"
"03/10/2023","12.00","12.00","11.90","11.40","121.99K","0.00%"
"03/09/2023","12.00","12.00","11.95","11.40","463.54K","0.00%"
"03/08/2023","12.00","12.00","12.00","11.40","141.35K","0.00%"
"03/07/2023","12.00","12.00","12.40","11.55","291.66K","0.00%"
"03/06/2023","12.00","12.00","12.35","11.60","43.72K","0.00%"
"03/03/2023","12.00","12.00","12.40","12.00","177.15K","0.00%"
"03/02/2023","12.00","12.00","12.60","11.95","66.36K","0.00%"
"03/01/2023","12.00","13.00","12.05","12.00","1.70M","-7.69%"
"02/28/2023","13.00","13.00","12.65","11.75","3.45M","0.00%"
"02/27/2023","13.00","13.00","13.00","12.00","2.32M","0.00%"
"02/24/2023","13.00","12.00","13.00","13.00","466.10K","8.33%"
"02/23/2023","12.00","12.00","12.30","11.65","92.18K","0.00%"
"02/22/2023","12.00","12.00","12.00","11.65","35.68K","0.00%"
"02/21/2023","12.00","12.00","12.35","12.00","4.98M","0.00%"
"02/20/2023","12.00","12.35","12.00","12.00","340.96K","-2.83%"
"02/17/2023","12.35","12.35","12.00","11.50","12.10K","0.00%"
"02/16/2023","12.35","12.35","12.00","11.70","52.90K","0.00%"
"02/15/2023","12.35","12.35","12.30","11.80","88.23K","0.00%"
"02/14/2023","12.35","12.35","12.20","11.70","38.60K","0.00%"
"02/13/2023","12.35","12.35","12.35","11.80","54.50K","0.00%"
"02/10/2023","12.35","12.35","12.00","11.85","99.54K","0.00%"
"02/09/2023","12.35","12.35","11.85","11.80","25.27K","0.00%"
"02/08/2023","12.35","12.35","12.10","11.85","24.95K","0.00%"
"02/07/2023","12.35","12.35","12.10","11.80","115.86K","0.00%"
"02/06/2023","12.35","12.35","12.30","11.85","106.29K","0.00%"
"02/03/2023","12.35","12.35","12.25","11.90","219.38K","0.00%"
"02/02/2023","12.35","12.35","12.30","11.80","78.93K","0.00%"
"02/01/2023","12.35","12.35","12.35","11.60","18.37K","0.00%"
"01/31/2023","12.35","12.10","12.35","12.35","295.68K","2.07%"
"01/30/2023","12.10","12.10","12.00","11.70","44.30K","0.00%"
"01/27/2023","12.10","12.10","12.00","11.75","63.20K","0.00%"
"01/26/2023","12.10","12.10","12.05","11.45","458.36K","0.00%"
"01/25/2023","12.10","12.10","12.10","11.45","255.86K","0.00%"
"01/24/2023","12.10","12.10","12.10","11.50","121.86K","0.00%"
"01/23/2023","12.10","12.05","12.10","12.10","972.17K","0.41%"
"01/20/2023","12.05","11.65","12.05","12.05","2.66M","3.43%"
"01/19/2023","11.65","11.50","11.65","11.65","342.54K","1.30%"
"01/18/2023","11.50","11.60","11.50","11.50","2.05M","-0.86%"
"01/17/2023","11.60","11.30","11.60","11.60","689.20K","2.65%"
"01/16/2023","11.30","12.00","11.80","11.30","2.69M","-5.83%"
"01/13/2023","12.00","11.90","12.00","11.95","681.40K","0.84%"
"01/12/2023","11.90","11.50","11.90","11.90","248.48K","3.48%"
"01/11/2023","11.50","11.25","11.50","11.50","432.17K","2.22%"
"01/10/2023","11.25","11.25","11.50","11.00","319.67K","0.00%"
"01/09/2023","11.25","11.25","11.30","11.10","59.58K","0.00%"
"01/06/2023","11.25","11.25","11.30","11.05","168.37K","0.00%"
"01/05/2023","11.25","11.00","11.25","11.25","325.05K","2.27%"
"01/04/2023","11.00","10.60","11.00","11.00","680.15K","3.77%"
"01/03/2023","10.60","10.60","11.30","9.90","91.84K","0.00%"
"12/30/2022","10.60","11.30","10.60","10.60","551.36K","-6.19%"
"12/29/2022","11.30","11.30","11.40","11.10","233.15K","0.00%"
"12/28/2022","11.30","11.00","11.30","11.30","168.83K","2.73%"
"12/23/2022","11.00","11.00","11.30","10.70","13.98K","0.00%"
"12/22/2022","11.00","11.00","11.15","11.00","53.84K","0.00%"
"12/21/2022","11.00","11.00","11.05","10.65","234.28K","0.00%"
"12/20/2022","11.00","11.20","11.00","10.55","1.31M","-1.79%"
"12/19/2022","11.20","11.20","11.25","10.90","110.50K","0.00%"
"12/16/2022","11.20","11.15","11.20","11.15","11.16M","0.45%"
"12/15/2022","11.15","11.15","11.15","11.10","1.49M","0.00%"
"12/14/2022","11.15","11.15","11.10","10.80","269.63K","0.00%"
"12/13/2022","11.15","11.15","11.00","10.75","178.75K","0.00%"
"12/12/2022","11.15","11.20","11.15","10.75","8.21M","-0.45%"
"12/09/2022","11.20","10.80","11.20","10.80","966.32K","3.70%"
"12/08/2022","10.80","10.50","10.80","10.65","26.36M","2.86%"
"12/07/2022","10.50","10.55","10.50","10.50","410.40K","-0.47%"
"12/06/2022","10.55","10.05","10.55","10.35","1.04M","4.98%"
"12/05/2022","10.05","10.05","10.65","10.35","93.51K","0.00%"
"12/02/2022","10.05","10.05","10.55","10.05","327.89K","0.00%"
"12/01/2022","10.05","10.10","10.15","10.05","3.52M","-0.50%"
"11/30/2022","10.10","10.10","10.35","10.05","21.72K","0.00%"
"11/29/2022","10.10","10.65","10.10","10.10","1.11M","-5.16%"
"11/28/2022","10.65","10.65","10.50","10.10","30.83K","0.00%"
"11/25/2022","10.65","10.65","10.50","10.00","210.19K","0.00%"
"11/24/2022","10.65","10.00","10.65","10.20","10.55M","6.50%"
"11/23/2022","10.00","10.00","10.00","10.00","12.12M","0.00%"
"11/22/2022","10.00","10.00","10.45","9.85","217.17K","0.00%"
"11/21/2022","10.00","10.00","10.00","9.95","57.23K","0.00%"
"11/18/2022","10.00","10.00","10.00","9.60","59.96K","0.00%"
"11/17/2022","10.00","10.00","10.40","10.00","35.01K","0.00%"
"11/16/2022","10.00","9.50","10.00","10.00","684.24K","5.26%"
"11/15/2022","9.50","9.50","10.00","9.65","100.45K","0.00%"
"11/14/2022","9.50","9.50","10.45","9.60","5.49K","0.00%"
"11/11/2022","9.50","10.00","9.50","9.50","255.86K","-5.00%"
"11/10/2022","10.00","10.00","10.00","9.90","15.00K","0.00%"
"11/09/2022","10.00","10.00","10.00","9.95","65.05K","0.00%"
"11/08/2022","10.00","10.00","9.95","9.90","10.82K","0.00%"
"11/07/2022","10.00","10.00","10.00","9.90","159.23K","0.00%"
"11/04/2022","10.00","10.00","9.90","9.60","71.86K","0.00%"
"11/03/2022","10.00","10.00","10.00","9.70","26.15K","0.00%"
"11/02/2022","10.00","9.95","10.00","10.00","4.64M","0.50%"
"11/01/2022","9.95","9.95","10.00","9.95","59.35K","0.00%"
"10/31/2022","9.95","11.00","10.00","9.95","921.53K","-9.55%"
"10/28/2022","11.00","11.10","11.00","11.00","10.43M","-0.90%"
"10/27/2022","11.10","11.10","11.10","10.05","35.47K","0.00%"
"10/26/2022","11.10","11.10","11.10","11.10","5.62M","-0.45%"
"10/25/2022","11.15","11.15","11.95","11.10","56.37K","0.00%"
"10/24/2022","11.15","11.15","11.15","11.10","40.48K","0.00%"
"10/21/2022","11.15","11.15","11.30","11.15","14.81K","0.00%"
"10/20/2022","11.15","11.15","11.50","11.10","113.97K","0.00%"
"10/19/2022","11.15","11.15","11.15","11.15","633.56K","0.00%"
"10/18/2022","11.15","11.10","11.20","11.15","3.24M","0.45%"
"10/17/2022","11.10","11.10","11.15","11.10","59.16K","0.00%"
"10/14/2022","11.10","11.10","11.25","11.10","205.17K","0.00%"
"10/13/2022","11.10","11.10","11.25","11.10","115.09K","0.00%"
"10/12/2022","11.10","11.10","11.45","11.10","124.12K","0.00%"
"10/11/2022","11.10","11.10","11.10","11.10","964.64K","0.00%"
"10/07/2022","11.10","11.10","11.10","11.10","660.36K","0.00%"
"10/06/2022","11.10","11.30","11.10","11.10","585.56K","-1.77%"
"10/05/2022","11.30","11.25","11.30","11.30","1.19M","0.44%"
"10/04/2022","11.25","11.25","11.75","11.00","135.56K","0.00%"
"09/30/2022","11.25","11.05","11.25","11.25","943.38K","1.81%"
"09/29/2022","11.05","11.05","11.75","11.15","188.70K","0.00%"
"09/28/2022","11.05","11.05","11.90","11.25","570.49K","0.00%"
"09/27/2022","11.05","11.05","11.60","11.05","287.89K","0.00%"
"09/26/2022","11.05","11.05","11.50","11.10","89.27K","0.00%"
"09/23/2022","11.05","11.05","11.50","11.10","82.31K","0.00%"
"09/22/2022","11.05","11.05","11.30","11.20","109.86K","0.00%"
"09/21/2022","11.05","11.05","11.25","11.05","578.55K","0.00%"
"09/20/2022","11.05","11.05","11.20","11.05","1.35M","0.00%"
"09/19/2022","11.05","11.05","11.30","11.05","48.96K","0.00%"
"09/16/2022","11.05","11.05","11.20","11.00","117.24K","0.00%"
"09/15/2022","11.05","11.05","11.10","11.00","126.88K","0.00%"
"09/14/2022","11.05","11.10","11.10","11.05","1.12M","-0.45%"
"09/13/2022","11.10","11.10","11.25","11.10","435.57K","0.00%"
"09/12/2022","11.10","11.10","11.50","11.00","393.82K","0.00%"
"09/09/2022","11.10","11.10","11.10","11.00","222.92K","0.00%"
"09/08/2022","11.10","11.00","11.10","11.00","635.47K","0.91%"
"09/07/2022","11.00","11.00","11.00","11.00","7.62M","0.00%"
"09/06/2022","11.00","11.00","11.30","11.00","111.30K","0.00%"
"09/05/2022","11.00","11.00","11.40","11.00","312.64K","0.00%"
"09/02/2022","11.00","11.00","11.45","11.05","24.58K","0.00%"
"09/01/2022","11.00","11.00","11.45","11.00","105.35K","0.00%"
"08/31/2022","11.00","10.80","11.00","11.00","8.04M","1.85%"
"08/30/2022","10.80","10.80","11.20","11.00","365.02K","0.00%"
"08/29/2022","10.80","10.80","11.10","10.60","86.42K","0.00%"
"08/26/2022","10.80","10.80","11.10","10.80","117.91K","0.00%"
"08/25/2022","10.80","10.80","11.10","10.60","96.18K","0.00%"
"08/24/2022","10.80","10.00","10.80","10.80","207.23K","8.00%"
"08/23/2022","10.00","10.00","11.00","10.20","83.23K","0.00%"
"08/22/2022","10.00","10.60","11.00","10.00","1.93M","-5.66%"
"08/19/2022","10.60","10.60","11.00","10.75","89.09K","0.00%"
"08/18/2022","10.60","10.60","11.20","10.80","434.27K","0.00%"
"08/17/2022","10.60","10.60","11.10","10.65","107.82K","0.00%"
"08/16/2022","10.60","10.60","11.10","10.60","1.17M","0.00%"
"08/15/2022","10.60","10.60","11.20","10.55","475.09K","0.00%"
"08/12/2022","10.60","10.60","10.80","10.40","212.10K","0.00%"
"08/11/2022","10.60","10.60","10.80","10.20","74.41K","0.00%"
"08/10/2022","10.60","10.60","10.65","10.50","757.03K","0.00%"
"08/09/2022","10.60","9.90","10.60","10.60","1.77M","7.07%"
"08/08/2022","9.90","9.90","10.75","10.15","656.49K","0.00%"
"08/05/2022","9.90","9.90","10.75","10.15","113.56K","0.00%"
"08/04/2022","9.90","9.90","10.65","10.10","331.28K","0.00%"
"08/03/2022","9.90","9.90","10.45","9.95","344.24K","0.00%"
"08/02/2022","9.90","9.90","10.30","10.00","216.93K","0.00%"
"08/01/2022","9.90","9.90","10.30","9.70","599.79K","0.00%"
"07/29/2022","9.90","9.90","9.95","8.95","755.72K","0.00%"
"07/28/2022","9.90","9.90","9.90","9.90","844.41K","0.00%"
"07/27/2022","9.90","9.90","9.90","9.90","1.87M","0.00%"
"07/26/2022","9.90","9.90","10.00","9.80","347.54K","0.00%"
"07/25/2022","9.90","10.00","9.95","9.90","1.30M","-1.00%"
"07/22/2022","10.00","10.60","10.00","10.00","332.78K","-5.66%"
"07/21/2022","10.60","10.60","10.55","9.90","299.08K","0.00%"
"07/20/2022","10.60","10.60","10.35","10.00","148.38K","0.00%"
"07/19/2022","10.60","10.60","10.55","10.00","69.19K","0.00%"
"07/18/2022","10.60","10.60","10.55","10.00","110.65K","0.00%"
"07/15/2022","10.60","10.60","10.60","10.00","216.95K","0.00%"
"07/14/2022","10.60","10.60","10.60","9.95","149.04K","0.00%"
"07/13/2022","10.60","10.60","11.00","10.00","57.08K","0.00%"
"07/08/2022","10.60","10.60","10.90","10.20","95.02K","0.00%"
"07/07/2022","10.60","10.60","10.60","9.90","181.59K","0.00%"
"07/06/2022","10.60","10.60","10.60","10.10","220.08K","0.00%"
"07/05/2022","10.60","10.60","10.70","9.90","385.87K","0.00%"
"07/04/2022","10.60","10.60","11.30","10.30","221.79K","0.00%"
"07/01/2022","10.60","10.60","10.90","9.70","47.46K","0.00%"
"06/30/2022","10.60","10.70","10.60","10.50","648.22K","-0.93%"
"06/29/2022","10.70","11.00","10.70","10.70","444.77K","-2.73%"
"06/28/2022","11.00","10.65","11.20","11.00","1.04M","3.29%"
"06/27/2022","10.65","9.70","10.65","10.50","765.75K","9.79%"
"06/24/2022","9.70","9.70","10.30","9.70","50.74K","0.00%"
"06/23/2022","9.70","9.50","9.70","9.70","720.12K","2.11%"
"06/22/2022","9.50","10.10","9.50","9.50","1.46M","-5.94%"
"06/21/2022","10.10","10.10","10.10","9.25","220.50K","0.00%"
"06/20/2022","10.10","10.10","10.25","9.20","704.29K","0.00%"
"06/17/2022","10.10","11.05","10.10","10.10","1.01M","-8.60%"
"06/16/2022","11.05","11.05","10.80","10.30","282.99K","0.00%"
"06/15/2022","11.05","11.05","11.05","10.60","875.51K","0.00%"
"06/14/2022","11.05","11.10","11.30","11.05","3.06M","-0.45%"
"06/10/2022","11.10","11.10","11.70","11.05","35.70K","0.00%"
"06/09/2022","11.10","11.20","11.15","11.05","1.47M","-0.89%"
"06/08/2022","11.20","11.45","11.20","11.20","529.74K","-2.18%"
"06/07/2022","11.45","11.70","11.60","11.45","840.53K","-2.14%"
"06/06/2022","11.70","11.85","11.70","11.70","683.92K","-6.40%"
"06/03/2022","12.50","12.50","12.50","12.35","3.04M","0.00%"
"06/02/2022","12.50","12.50","12.50","12.00","1.21M","0.00%"
"06/01/2022","12.50","12.50","12.50","12.45","4.50M","0.00%"
"05/31/2022","12.50","11.90","12.50","12.50","1.71M","5.04%"
"05/30/2022","11.90","11.95","12.00","11.90","879.51K","-0.42%"
"05/27/2022","11.95","11.85","11.95","11.95","833.79K","0.84%"
"05/26/2022","11.85","11.70","11.85","11.85","15.74M","1.28%"
"05/25/2022","11.70","12.00","11.70","11.70","5.31M","-2.50%"
"05/24/2022","12.00","12.00","12.00","11.50","257.63M","0.00%"
"05/23/2022","12.00","11.95","12.00","12.00","1.38M","0.42%"
"05/20/2022","11.95","11.90","11.95","11.95","672.74K","0.42%"
"05/19/2022","11.90","12.50","12.15","11.90","1.01M","-4.80%"
"05/18/2022","12.50","12.50","12.70","12.35","572.62K","0.00%"
"05/17/2022","12.50","12.50","12.60","12.35","687.55K","0.00%"
"05/16/2022","12.50","12.50","12.50","12.50","1.06M","0.00%"
"05/13/2022","12.50","12.50","12.50","12.50","1.63M","0.00%"
"05/12/2022","12.50","12.90","12.50","12.50","1.32M","-3.10%"
"05/11/2022","12.90","12.90","12.85","12.35","300.70K","0.00%"
"05/10/2022","12.90","12.90","13.00","12.30","673.31K","0.00%"
"05/09/2022","12.90","12.80","13.00","12.90","6.25M","0.78%"
"05/06/2022","12.80","12.50","13.00","12.50","15.32M","2.40%"
"05/05/2022","12.50","12.00","12.50","12.15","8.02M","4.17%"
"05/04/2022","12.00","12.00","12.50","12.00","214.81K","0.00%"
"04/29/2022","12.00","12.00","12.00","12.00","1.14M","0.00%"
"04/28/2022","12.00","11.80","12.00","12.00","15.60M","1.69%"
"04/27/2022","11.80","11.85","11.80","11.80","598.55K","-0.42%"
"04/26/2022","11.85","12.00","11.95","11.85","1.55M","-1.25%"
"04/25/2022","12.00","11.90","12.00","12.00","1.88M","0.84%"
"04/22/2022","11.90","11.95","11.90","11.90","522.31K","-0.42%"
"04/21/2022","11.95","12.00","11.95","11.95","394.50K","-0.42%"
"04/20/2022","12.00","11.90","12.00","12.00","1.22M","0.84%"
"04/19/2022","11.90","11.95","11.95","11.90","1.17M","-0.42%"
"04/14/2022","11.95","11.95","12.00","11.95","2.91M","0.00%"
"04/13/2022","11.95","11.65","11.95","11.65","1.33M","2.58%"
"04/12/2022","11.65","11.65","11.80","11.65","618.66K","0.00%"
"04/11/2022","11.65","11.65","11.65","11.65","467.51K","0.00%"
"04/08/2022","11.65","11.65","11.80","11.55","891.92K","0.00%"
"04/07/2022","11.65","12.00","11.65","11.65","566.23K","-2.92%"
"04/06/2022","12.00","12.00","12.00","11.60","49.41K","0.00%"
"04/05/2022","12.00","12.00","11.95","11.55","167.32K","0.00%"
"04/04/2022","12.00","12.00","11.95","11.50","554.20K","0.00%"
"04/01/2022","12.00","12.00","12.00","12.00","423.76K","0.00%"
"03/31/2022","12.00","12.00","12.00","12.00","6.18M","0.00%"
"03/30/2022","12.00","11.80","12.00","11.95","61.89M","1.69%"
"03/29/2022","11.80","11.80","11.85","11.45","445.24K","0.00%"
"03/28/2022","11.80","11.40","11.80","11.75","694.44K","3.51%"
"03/25/2022","11.40","11.40","11.45","11.05","170.57K","0.00%"
"03/24/2022","11.40","11.40","11.40","11.05","457.38K","0.00%"
"03/23/2022","11.40","11.50","11.40","11.40","564.18K","-0.87%"
"03/22/2022","11.50","11.90","11.50","11.25","1.07M","-3.36%"
"03/21/2022","11.90","11.90","12.00","11.50","247.82K","0.00%"
"03/18/2022","11.90","11.95","12.00","11.90","2.55M","-0.42%"
"03/17/2022","11.95","11.95","12.00","11.85","12.58M","0.00%"
"03/16/2022","11.95","11.80","12.00","11.95","9.09M","1.27%"
"03/15/2022","11.80","11.80","11.85","11.75","2.04M","0.00%"
"03/14/2022","11.80","11.00","12.10","11.45","6.24M","7.27%"
"03/11/2022","11.00","11.00","11.40","10.85","947.08K","0.00%"
"03/10/2022","11.00","11.00","11.00","11.00","695.51K","0.00%"
"03/09/2022","11.00","11.00","11.00","11.00","1.41M","0.00%"
"03/08/2022","11.00","10.85","11.00","10.75","1.02M","1.38%"
"03/07/2022","10.85","10.85","10.85","10.25","500.84K","0.00%"
"03/04/2022","10.85","11.00","10.85","10.85","523.42K","-1.36%"
"03/03/2022","11.00","11.05","11.00","10.85","1.07M","-0.45%"
"03/02/2022","11.05","11.45","11.20","11.00","2.92M","-3.49%"
"03/01/2022","11.45","11.95","11.70","11.45","6.31M","-4.18%"
"02/28/2022","11.95","12.45","12.45","11.95","11.89M","5.29%"
"02/25/2022","11.35","11.40","11.35","11.35","1.47M","-0.44%"
"02/24/2022","11.40","11.40","11.50","11.40","1.37M","0.00%"
"02/23/2022","11.40","11.75","11.80","11.40","1.12M","-2.98%"
"02/22/2022","11.75","11.95","11.75","11.75","596.58K","-1.67%"
"02/21/2022","11.95","12.00","11.95","11.95","576.02K","-0.42%"
"02/18/2022","12.00","12.00","12.00","12.00","194.36K","0.00%"
"02/17/2022","12.00","12.00","12.00","12.00","1.39M","0.00%"
"02/16/2022","12.00","12.15","12.15","12.00","9.21M","-1.23%"
"02/15/2022","12.15","12.50","12.15","12.15","490.56K","-2.80%"
"02/14/2022","12.50","12.50","12.50","12.20","655.20K","0.00%"
"02/11/2022","12.50","12.50","12.50","12.10","189.65K","0.00%"
"02/10/2022","12.50","12.30","12.50","12.50","1.50M","1.63%"
"02/09/2022","12.30","12.00","12.30","12.20","1.12M","2.50%"
"02/08/2022","12.00","12.05","12.00","12.00","1.52M","-0.41%"
"02/07/2022","12.05","12.10","12.05","12.05","703.33K","-0.41%"
"02/04/2022","12.10","12.10","12.10","12.10","582.17K","0.00%"
"02/03/2022","12.10","12.20","12.15","12.00","5.36M","-0.82%"
"02/02/2022","12.20","11.60","12.70","12.00","7.71M","5.17%"
"02/01/2022","11.60","12.50","11.60","11.60","2.55M","-7.20%"
"01/31/2022","12.50","13.10","13.20","12.50","6.93M","-4.58%"
"01/28/2022","13.10","11.95","13.10","12.40","8.41M","9.62%"
"01/27/2022","11.95","10.90","11.95","11.70","8.31M","9.63%"
"01/26/2022","10.90","9.95","10.90","10.50","11.37M","9.55%"
"01/25/2022","9.95","9.05","9.95","9.95","4.40M","9.94%"
"01/24/2022","9.05","9.05","9.50","9.00","1.26M","0.00%"
"01/21/2022","9.05","8.95","9.10","8.95","5.74M","1.12%"
"01/20/2022","8.95","8.95","8.95","8.70","956.93K","0.00%"
"01/19/2022","8.95","9.00","9.00","8.95","5.13M","-0.56%"
"01/18/2022","9.00","8.70","9.00","8.70","14.49M","3.45%"
"01/17/2022","8.70","8.60","8.70","8.60","724.43K","1.16%"
"01/14/2022","8.60","8.65","8.65","8.50","798.08K","-0.58%"
"01/13/2022","8.65","8.60","8.65","8.65","473.99K","0.58%"
"01/12/2022","8.60","8.65","8.60","8.60","8.26M","-0.58%"
"01/11/2022","8.65","8.70","8.70","8.65","420.97K","-0.57%"
"01/10/2022","8.70","8.65","8.70","8.70","788.16K","0.58%"
"01/07/2022","8.65","8.65","8.65","8.65","2.00M","0.00%"
"01/06/2022","8.65","8.90","8.65","8.50","644.91K","-2.81%"
"01/05/2022","8.90","8.90","8.80","8.40","439.01K","0.00%"
"01/04/2022","8.90","8.70","8.90","8.70","1.27M","2.30%"
"12/31/2021","8.70","8.35","8.70","8.35","1.12M","4.19%"
"12/30/2021","8.35","8.65","8.65","8.35","844.49K","-3.47%"
"12/29/2021","8.65","8.90","8.75","8.20","1.84M","-2.81%"
"12/24/2021","8.90","8.90","8.90","8.75","7.27K","0.00%"
"12/23/2021","8.90","8.90","8.90","8.80","346.64K","0.00%"
"12/22/2021","8.90","8.90","8.90","8.80","290.78K","0.00%"
"12/21/2021","8.90","8.85","8.95","8.90","1.01M","0.56%"
"12/20/2021","8.85","9.05","9.10","8.85","3.51M","-2.21%"
"12/17/2021","9.05","9.50","9.50","9.05","1.68M","-4.74%"
"12/16/2021","9.50","9.20","9.50","9.05","23.18M","3.26%"
"12/15/2021","9.20","9.05","9.30","9.20","793.67K","1.66%"
"12/14/2021","9.05","9.30","9.05","9.05","2.57M","-2.69%"
"12/13/2021","9.30","9.05","9.30","9.05","4.27M","2.76%"
"12/10/2021","9.05","8.70","9.05","8.75","5.56M","4.02%"
"12/09/2021","8.70","8.50","8.75","8.45","4.94M","2.35%"
"12/08/2021","8.50","8.15","8.50","8.15","8.61M","4.29%"
"12/07/2021","8.15","8.00","8.15","8.00","19.77M","1.87%"
"12/06/2021","8.00","8.00","8.35","8.00","13.48M","0.00%"
"12/03/2021","8.00","8.00","8.10","8.00","9.44M","0.00%"
"12/02/2021","8.00","8.20","8.20","8.00","3.17M","-2.44%"
"12/01/2021","8.20","8.35","8.20","8.10","1.87M","-1.80%"
"11/30/2021","8.35","8.05","8.35","8.00","1.92M","3.73%"
"11/29/2021","8.05","8.00","8.05","8.05","379.68K","0.63%"
"11/26/2021","8.00","8.00","8.05","8.00","4.44M","0.00%"
"11/25/2021","8.00","8.75","8.05","8.00","2.13M","-8.57%"
"11/24/2021","8.75","8.75","8.70","8.15","575.78K","0.00%"
"11/23/2021","8.75","8.70","8.75","8.20","4.21M","0.57%"
"11/22/2021","8.70","8.60","8.70","8.60","1.54M","1.16%"
"11/19/2021","8.60","8.60","8.60","8.30","2.81M","0.00%"
"11/18/2021","8.60","8.45","8.60","8.60","996.20K","1.78%"
"11/17/2021","8.45","8.30","8.45","8.40","869.44K","1.81%"
"11/16/2021","8.30","8.45","8.30","8.30","859.86K","-1.78%"
"11/15/2021","8.45","8.60","8.45","8.45","278.77K","-1.74%"
"11/12/2021","8.60","8.45","8.60","8.30","13.94M","1.78%"
"11/11/2021","8.45","8.65","8.45","8.45","499.84K","-2.31%"
"11/10/2021","8.65","8.70","8.70","8.45","19.15M","-0.57%"
"11/09/2021","8.70","8.70","8.70","8.70","4.23M","0.00%"
"11/08/2021","8.70","8.45","8.70","8.50","14.76M","2.96%"
"11/05/2021","8.45","8.30","8.50","8.20","1.95M","1.81%"
"11/04/2021","8.30","8.15","8.30","8.20","3.12M","1.84%"
"11/03/2021","8.15","8.20","8.20","8.05","5.63M","-0.61%"
"11/02/2021","8.20","8.50","8.35","8.10","8.55M","-3.53%"
"11/01/2021","8.50","8.90","8.50","8.50","1.15M","-4.49%"
"10/29/2021","8.90","8.55","8.90","8.50","9.06M","4.09%"
"10/28/2021","8.55","8.05","8.55","8.00","5.12M","6.21%"
"10/27/2021","8.05","7.85","8.05","7.80","17.32M","2.55%"
"10/26/2021","7.85","7.70","7.85","7.70","7.98M","1.95%"
"10/25/2021","7.70","7.55","7.70","7.45","45.64M","1.99%"
"10/22/2021","7.55","7.30","7.60","7.30","56.09M","3.42%"
"10/21/2021","7.30","7.15","7.35","7.05","20.02M","2.10%"
"10/20/2021","7.15","6.95","7.15","7.00","4.20M","2.88%"
"10/18/2021","6.95","6.90","6.95","6.95","2.42M","0.72%"
"10/15/2021","6.90","6.75","6.90","6.65","5.73M","2.22%"
"10/14/2021","6.75","7.35","7.00","6.65","7.79M","-8.16%"
"10/13/2021","7.35","7.40","7.50","7.10","42.55M","-0.68%"
"10/12/2021","7.40","6.90","7.40","6.90","38.05M","7.25%"
"10/11/2021","6.90","6.30","6.90","6.40","19.34M","9.52%"
"10/08/2021","6.30","6.00","6.30","6.15","11.55M","5.00%"
"10/07/2021","6.00","5.80","6.00","5.70","15.03M","3.45%"
"10/06/2021","5.80","5.70","5.80","5.65","32.78M","1.75%"
"10/05/2021","5.70","5.40","5.70","5.40","7.63M","5.56%"
"10/04/2021","5.40","5.40","5.40","5.40","499.06K","0.00%"
"09/30/2021","5.40","5.40","5.40","5.40","11.64M","0.00%"
"09/29/2021","5.40","5.30","5.40","5.30","523.32K","1.89%"
"09/28/2021","5.30","5.25","5.30","5.25","611.65K","0.95%"
"09/27/2021","5.25","5.30","5.25","5.25","241.14K","-0.94%"
"09/24/2021","5.30","5.15","5.30","5.20","16.59M","2.91%"
"09/23/2021","5.15","5.30","5.20","5.15","858.67K","-2.83%"
"09/22/2021","5.30","5.25","5.30","5.25","8.14M","0.95%"
"09/21/2021","5.25","5.10","5.25","5.25","500.26K","2.94%"
"09/20/2021","5.10","5.05","5.15","5.10","5.12M","0.99%"
"09/17/2021","5.05","5.05","5.30","5.05","68.37K","0.00%"
"09/16/2021","5.05","5.05","5.40","5.10","343.78K","0.00%"
"09/15/2021","5.05","5.05","5.30","5.05","121.70K","0.00%"
"09/14/2021","5.05","5.05","5.15","5.05","97.95K","0.00%"
"09/13/2021","5.05","5.00","5.05","5.05","813.76K","1.00%"
"09/10/2021","5.00","5.20","5.20","5.00","4.31M","-3.85%"
"09/09/2021","5.20","5.20","5.25","5.15","191.51K","0.00%"
"09/08/2021","5.20","5.25","5.30","5.20","917.16K","-0.95%"
"09/07/2021","5.25","5.50","5.35","5.25","971.40K","-4.55%"
"09/06/2021","5.50","5.20","5.50","5.50","1.25M","5.77%"
"09/03/2021","5.20","5.20","5.40","5.15","157.95K","0.00%"
"09/02/2021","5.20","5.20","5.45","5.20","199.27K","0.00%"
"09/01/2021","5.20","5.20","5.20","5.20","630.72K","0.00%"
"08/31/2021","5.20","5.25","5.30","5.20","2.38M","-0.95%"
"08/30/2021","5.25","5.45","5.50","5.25","3.67M","-3.67%"
"08/27/2021","5.45","5.45","5.50","5.40","50.47K","0.00%"
"08/26/2021","5.45","5.40","5.45","5.40","534.93K","0.93%"
"08/25/2021","5.40","5.45","5.40","5.35","1.20M","-0.92%"
"08/24/2021","5.45","5.30","5.50","5.35","780.01K","2.83%"
"08/23/2021","5.30","5.30","5.40","5.30","63.35K","0.00%"
"08/20/2021","5.30","5.30","5.30","5.30","2.91M","0.00%"
"08/19/2021","5.30","5.50","5.50","5.30","18.68M","-3.64%"
"08/18/2021","5.50","5.55","5.50","5.50","1.23M","-0.90%"
"08/17/2021","5.55","5.60","5.55","5.55","516.14K","-0.89%"
"08/16/2021","5.60","5.70","5.70","5.60","1.16M","-1.75%"
"08/13/2021","5.70","5.70","5.70","5.55","296.26K","0.00%"
"08/12/2021","5.70","5.80","5.90","5.70","4.65M","-1.72%"
"08/11/2021","5.80","5.50","5.90","5.50","17.54M","5.45%"
"08/10/2021","5.50","5.40","5.50","5.40","24.12M","1.85%"
"08/09/2021","5.40","5.40","5.40","5.35","2.49M","0.00%"
"08/06/2021","5.40","5.35","5.40","5.40","5.06M","0.93%"
"08/05/2021","5.35","5.30","5.35","5.35","2.70M","0.94%"
"08/04/2021","5.30","5.30","5.35","5.30","82.17K","0.00%"
"08/03/2021","5.30","5.30","5.40","5.30","4.08M","0.00%"
"08/02/2021","5.30","5.25","5.30","5.30","995.67K","0.95%"
"07/30/2021","5.25","5.35","5.35","5.25","3.04M","-1.87%"
"07/29/2021","5.35","5.35","5.35","5.30","1.61M","0.00%"
"07/28/2021","5.35","5.25","5.40","5.30","2.74M","1.90%"
"07/27/2021","5.25","5.30","5.35","5.25","3.32M","-0.94%"
"07/26/2021","5.30","5.10","5.60","5.25","5.64M","3.92%"
"07/23/2021","5.10","5.10","5.30","5.20","84.58K","0.00%"
"07/22/2021","5.10","5.10","5.30","5.10","173.86K","0.00%"
"07/19/2021","5.10","5.30","5.10","5.10","1.23M","-3.77%"
"07/16/2021","5.30","5.20","5.30","5.20","2.20M","1.92%"
"07/15/2021","5.20","5.20","5.25","5.10","63.77K","0.00%"
"07/14/2021","5.20","5.20","5.20","5.20","2.26M","0.00%"
"07/13/2021","5.20","5.10","5.20","5.20","1.35M","1.96%"
"07/12/2021","5.10","5.20","5.10","5.10","289.03K","-1.92%"
"07/09/2021","5.20","5.15","5.20","5.20","849.63K","0.97%"
"07/08/2021","5.15","5.15","5.25","5.10","91.07K","0.00%"
"07/07/2021","5.15","5.20","5.15","5.15","4.21M","-0.96%"
"07/06/2021","5.20","5.00","5.20","5.05","1.49M","4.00%"
"07/05/2021","5.00","5.00","5.15","4.95","603.99K","0.00%"
"07/02/2021","5.00","5.00","5.10","5.00","390.73K","0.00%"
"07/01/2021","5.00","5.00","5.15","5.00","117.48K","0.00%"
"06/30/2021","5.00","4.95","5.00","5.00","2.60M","1.01%"
"06/29/2021","4.95","5.00","5.00","4.95","3.36M","-1.00%"
"06/28/2021","5.00","5.00","5.05","5.00","2.20M","0.00%"
"06/25/2021","5.00","5.00","5.05","5.00","3.17M","0.00%"
"06/24/2021","5.00","5.05","5.00","5.00","2.27M","-0.99%"
"06/23/2021","5.05","5.15","5.05","5.05","573.94K","-1.94%"
"06/22/2021","5.15","5.15","5.25","5.10","263.41K","0.00%"
"06/21/2021","5.15","5.20","5.15","5.15","291.64K","-0.96%"
"06/18/2021","5.20","5.20","5.30","5.15","129.43K","0.00%"
"06/17/2021","5.20","5.20","5.25","5.15","183.33K","0.00%"
"06/16/2021","5.20","5.30","5.20","5.20","27.40M","-1.89%"
"06/15/2021","5.30","5.20","5.30","5.20","3.97M","1.92%"
"06/11/2021","5.20","5.20","5.25","5.20","1.48M","0.00%"
"06/10/2021","5.20","5.00","5.20","5.10","930.21K","4.00%"
"06/09/2021","5.00","5.00","5.10","5.00","182.77K","0.00%"
"06/08/2021","5.00","5.05","5.10","5.00","1.51M","-0.99%"
"06/07/2021","5.05","5.10","5.10","5.05","1.41M","-0.98%"
"06/04/2021","5.10","5.00","5.10","5.10","1.44M","2.00%"
"06/03/2021","5.00","5.00","5.05","5.00","1.18M","0.00%"
"06/02/2021","5.00","5.15","5.00","5.00","881.55K","-2.91%"
"06/01/2021","5.15","5.15","5.15","5.15","624.97K","0.00%"
"05/31/2021","5.15","5.15","5.30","5.15","55.19K","0.00%"
"05/28/2021","5.15","5.15","5.15","5.15","288.87K","0.00%"
"05/27/2021","5.15","5.20","5.15","5.15","256.13K","-0.96%"
"05/26/2021","5.20","5.15","5.20","5.20","793.80K","0.97%"
"05/25/2021","5.15","5.20","5.15","5.15","485.60K","-0.96%"
"05/24/2021","5.20","5.30","5.20","5.20","413.68K","-1.89%"
"05/21/2021","5.30","5.30","5.30","5.30","1.05M","0.00%"
"05/20/2021","5.30","5.20","5.30","5.30","602.39K","1.92%"
"05/19/2021","5.20","5.40","5.20","5.20","828.73K","-3.70%"
"05/18/2021","5.40","5.30","5.40","5.40","339.31K","1.89%"
"05/17/2021","5.30","5.30","5.30","5.30","700.91K","0.00%"
"05/14/2021","5.30","5.30","5.30","5.30","1.26M","0.00%"
"05/11/2021","5.30","5.30","5.30","5.30","1.37M","0.00%"
"05/10/2021","5.30","5.30","5.30","5.30","2.71M","0.00%"
"05/07/2021","5.30","5.30","5.40","5.20","457.32K","0.00%"
"05/06/2021","5.30","5.20","5.30","5.30","787.12K","1.92%"
"05/05/2021","5.20","5.15","5.20","5.20","1.66M","0.97%"
"05/04/2021","5.15","5.10","5.15","5.15","390.24K","0.98%"
"04/30/2021","5.10","5.25","5.10","5.10","813.37K","-2.86%"
"04/29/2021","5.25","5.35","5.25","5.25","442.55K","-1.87%"
"04/28/2021","5.35","5.20","5.40","5.30","1.99M","2.88%"
"04/27/2021","5.20","5.25","5.20","5.20","498.81K","-0.95%"
"04/26/2021","5.25","5.20","5.25","5.20","1.80M","0.96%"
"04/23/2021","5.20","5.00","5.20","5.15","641.98K","4.00%"
"04/22/2021","5.00","4.95","5.20","5.00","2.97M","1.01%"
"04/21/2021","4.95","5.00","5.00","4.95","2.01M","-1.00%"
"04/20/2021","5.00","4.85","5.00","4.90","3.23M","3.09%"
"04/19/2021","4.85","4.85","4.95","4.80","222.72K","0.00%"
"04/16/2021","4.85","4.80","4.85","4.85","439.78K","1.04%"
"04/15/2021","4.80","4.80","5.00","4.80","309.15K","0.00%"
"04/14/2021","4.80","4.80","4.80","4.80","937.63K","0.00%"
"04/13/2021","4.80","4.80","5.00","4.85","169.74K","0.00%"
"04/12/2021","4.80","4.90","5.00","4.80","1.74M","-2.04%"
"04/09/2021","4.90","4.90","4.90","4.90","1.17M","0.00%"
"04/08/2021","4.90","4.90","5.10","4.85","257.79K","0.00%"
"04/07/2021","4.90","5.00","4.90","4.90","452.41K","-2.00%"
"04/06/2021","5.00","5.00","5.00","5.00","3.04M","0.00%"
"04/01/2021","5.00","5.05","5.05","5.00","1.50M","-0.99%"
"03/31/2021","5.05","5.05","5.20","5.05","107.32K","0.00%"
"03/30/2021","5.05","5.30","5.20","5.05","3.06M","-4.72%"
"03/29/2021","5.30","5.00","5.30","5.30","537.28K","6.00%"
"03/26/2021","5.00","4.90","5.00","4.95","2.45M","2.04%"
"03/25/2021","4.90","4.70","4.90","4.70","1.84M","4.26%"
"03/24/2021","4.70","4.80","4.70","4.70","895.15K","-2.08%"
"03/23/2021","4.80","5.10","5.00","4.75","5.26M","-5.88%"
"03/22/2021","5.10","4.85","5.10","4.85","1.16M","5.15%"
"03/19/2021","4.85","4.85","4.85","4.85","1.65M","0.00%"
"03/18/2021","4.85","4.85","5.05","4.60","1.58M","0.00%"
"03/17/2021","4.85","4.85","4.85","4.85","1.55M","0.00%"
"03/16/2021","4.85","5.15","4.90","4.85","1.79M","-5.83%"
"03/15/2021","5.15","5.15","5.15","5.15","271.38K","0.00%"
"03/12/2021","5.15","5.15","5.25","5.05","202.48K","0.00%"
"03/11/2021","5.15","5.00","5.15","5.10","811.59K","3.00%"
"03/10/2021","5.00","5.00","5.00","5.00","605.88K","0.00%"
"03/09/2021","5.00","5.00","5.00","5.00","802.87K","0.00%"
"03/08/2021","5.00","5.00","5.20","5.00","542.07K","0.00%"
"03/05/2021","5.00","5.00","5.00","5.00","1.04M","0.00%"
"03/04/2021","5.00","5.20","5.00","5.00","2.15M","-3.85%"
"03/03/2021","5.20","5.20","5.70","5.00","425.72K","0.00%"
"03/02/2021","5.20","5.25","5.20","5.20","457.48K","-0.95%"
"03/01/2021","5.25","5.20","5.25","5.15","1.56M","0.96%"
"02/26/2021","5.20","5.20","5.25","5.10","2.56M","0.00%"
"02/25/2021","5.20","5.55","5.35","5.00","1.82M","-6.31%"
"02/24/2021","5.55","5.75","5.55","5.55","416.42K","-3.48%"
"02/23/2021","5.75","5.75","5.75","5.50","1.41M","0.00%"
"02/22/2021","5.75","5.75","5.75","5.65","4.58M","0.00%"
"02/19/2021","5.75","5.55","5.75","5.60","1.72M","3.60%"
"02/18/2021","5.55","5.50","5.55","5.55","1.45M","0.91%"
"02/17/2021","5.50","5.50","5.80","5.50","334.79K","0.00%"
"02/16/2021","5.50","5.75","5.80","5.50","8.20M","-4.35%"
"02/15/2021","5.75","5.50","5.75","5.60","4.16M","4.55%"
"02/12/2021","5.50","5.40","5.60","5.40","15.66M","1.85%"
"02/11/2021","5.40","5.70","5.55","5.40","3.00M","-5.26%"
"02/10/2021","5.70","6.20","6.10","5.70","4.66M","-8.06%"
"02/09/2021","6.20","6.00","6.20","6.20","138.45K","3.33%"
"02/08/2021","6.00","6.00","6.10","6.00","2.47M","0.00%"
"02/05/2021","6.00","6.00","6.00","6.00","1.96M","0.00%"
"02/04/2021","6.00","5.90","6.00","5.95","1.35M","1.69%"
"02/03/2021","5.90","6.20","6.05","5.65","4.04M","-4.84%"
"02/02/2021","6.20","6.75","6.35","6.20","2.55M","-8.15%"
"02/01/2021","6.75","6.50","6.75","6.50","3.81M","3.85%"
"01/29/2021","6.50","6.40","6.55","6.05","4.65M","1.56%"
"01/28/2021","6.40","6.40","6.40","6.40","1.00M","0.00%"
"01/27/2021","6.40","6.55","6.50","6.40","1.91M","-2.29%"
"01/26/2021","6.55","6.55","6.55","6.45","1.98M","0.00%"
"01/25/2021","6.55","6.50","6.65","6.50","3.43M","0.77%"
"01/22/2021","6.50","6.55","6.50","6.50","1.72M","-0.76%"
"01/21/2021","6.55","6.55","6.55","6.55","2.64M","0.00%"
"01/20/2021","6.55","6.55","6.60","6.55","3.55M","0.00%"
"01/19/2021","6.55","6.55","6.55","6.55","2.78M","0.00%"
"01/18/2021","6.55","6.50","6.60","6.55","2.89M","0.77%"
"01/15/2021","6.50","6.50","6.50","6.50","1.86M","0.00%"
"01/14/2021","6.50","6.40","6.50","6.50","5.88M","1.56%"
"01/13/2021","6.40","6.50","6.40","6.40","1.18M","-1.54%"
"01/12/2021","6.50","6.50","6.50","6.50","4.09M","0.00%"
"01/11/2021","6.50","6.60","6.60","6.45","1.61M","-1.52%"
"01/08/2021","6.60","6.40","6.60","6.60","2.45M","3.12%"
"01/07/2021","6.40","6.50","6.50","6.40","1.78M","-1.54%"
"01/06/2021","6.50","6.50","6.50","6.50","3.58M","0.00%"
"01/05/2021","6.50","6.50","6.50","6.25","2.56M","0.00%"
"01/04/2021","6.50","6.00","6.60","6.20","1.92M","8.33%"
"12/31/2020","6.00","6.50","6.25","6.00","1.64M","-7.69%"
"12/30/2020","6.50","6.50","6.55","6.50","5.74M","0.00%"
"12/29/2020","6.50","6.55","6.55","6.35","2.70M","-0.76%"
"12/24/2020","6.55","6.55","6.55","6.50","3.28M","0.00%"
"12/23/2020","6.55","6.50","6.60","6.50","963.93K","0.77%"
"12/22/2020","6.50","6.50","6.50","6.30","1.90M","0.00%"
"12/21/2020","6.50","6.60","6.60","6.30","6.21M","-1.52%"
"12/18/2020","6.60","6.55","6.60","6.45","3.51M","0.76%"
"12/17/2020","6.55","6.30","6.55","6.40","2.11M","3.97%"
"12/16/2020","6.30","6.20","6.30","6.30","848.22K","1.61%"
"12/15/2020","6.20","5.95","6.20","6.00","2.31M","4.20%"
"12/14/2020","5.95","5.80","6.00","5.75","4.15M","2.59%"
"12/11/2020","5.80","5.80","5.80","5.80","3.92M","0.00%"
"12/10/2020","5.80","5.80","5.80","5.50","8.93M","0.00%"
"12/09/2020","5.80","5.85","5.80","5.70","3.69M","-0.85%"
"12/08/2020","5.85","5.40","5.85","5.40","9.16M","8.33%"
"12/07/2020","5.40","5.40","5.65","5.35","16.09M","-8.47%"
"12/04/2020","5.90","5.75","5.90","5.35","27.12M","0.00%"
"12/03/2020","5.90","6.30","6.00","5.90","3.01M","-6.35%"
"12/02/2020","6.30","6.30","6.45","6.05","1.40M","0.00%"
"12/01/2020","6.30","6.30","6.30","6.30","702.65K","0.00%"
"11/30/2020","6.30","6.45","6.45","6.30","1.45M","-2.33%"
"11/27/2020","6.45","6.50","6.45","6.45","387.62K","-0.77%"
"11/26/2020","6.50","6.60","6.70","6.50","3.47M","-1.52%"
"11/25/2020","6.60","6.50","6.80","6.50","2.17M","1.54%"
"11/24/2020","6.50","5.95","6.55","5.95","3.71M","3.17%"
"11/23/2020","6.30","6.35","6.70","5.75","13.05M","-0.79%"
"11/20/2020","6.35","6.95","6.40","6.35","2.23M","-8.63%"
"11/19/2020","6.95","6.95","7.25","6.65","8.10M","0.00%"
"11/18/2020","6.95","6.40","7.00","6.90","12.75M","8.59%"
"11/17/2020","6.40","6.15","6.40","6.00","8.36M","4.07%"
"11/16/2020","6.15","6.80","6.80","6.15","7.81M","-9.56%"
"11/13/2020","6.80","7.30","7.30","6.60","24.50M","-6.85%"
"11/12/2020","7.30","6.65","7.30","6.75","34.78M","9.77%"
"11/11/2020","6.65","6.20","6.75","6.25","10.03M","7.26%"
"11/10/2020","6.20","6.00","6.20","6.00","19.49M","3.33%"
"11/09/2020","6.00","5.60","6.15","5.60","33.46M","7.14%"
"11/06/2020","5.60","5.10","5.60","5.15","18.15M","9.80%"
"11/05/2020","5.10","5.15","5.15","5.10","5.80M","-0.97%"
"11/04/2020","5.15","5.20","5.15","5.15","1.25M","-0.96%"
"11/03/2020","5.20","5.15","5.25","5.20","4.50M","0.97%"
"11/02/2020","5.15","5.65","5.65","5.10","10.62M","-8.85%"
"10/30/2020","5.65","5.70","6.20","5.50","36.02M","-0.88%"
"10/28/2020","5.70","5.30","5.80","5.30","27.53M","7.55%"
"10/27/2020","5.30","4.90","5.30","4.95","24.15M","8.16%"
"10/26/2020","4.90","4.55","4.90","4.65","7.17M","7.69%"
"10/23/2020","4.55","4.50","4.55","4.50","11.27M","1.11%"
"10/22/2020","4.50","4.50","4.60","4.50","14.87M","0.00%"
"10/21/2020","4.50","4.80","4.50","4.35","3.93M","-6.25%"
"10/20/2020","4.80","4.60","4.80","4.65","6.67M","4.35%"
"10/19/2020","4.60","4.55","4.60","4.50","2.56M","1.10%"
"10/16/2020","4.55","4.30","4.55","4.30","4.73M","5.81%"
"10/15/2020","4.30","4.35","4.40","4.30","5.47M","-1.15%"
"10/14/2020","4.35","4.30","4.45","4.30","7.60M","1.16%"
"10/13/2020","4.30","4.30","4.35","4.30","5.39M","0.00%"
"10/12/2020","4.30","4.30","4.30","4.30","1.43M","0.00%"
"10/09/2020","4.30","4.45","4.40","4.30","4.21M","-3.37%"
"10/08/2020","4.45","4.10","4.50","4.30","8.81M","8.54%"
"10/07/2020","4.10","4.50","4.65","4.10","18.85M","-8.89%"
"10/06/2020","4.50","4.20","4.55","4.40","21.45M","7.14%"
"10/05/2020","4.20","4.10","4.20","4.20","3.66M","2.44%"
"10/02/2020","4.10","4.20","4.10","4.10","348.28K","-2.38%"
"09/30/2020","4.20","4.20","4.20","4.05","1.12M","0.00%"
"09/29/2020","4.20","4.10","4.20","4.10","6.56M","2.44%"
"09/28/2020","4.10","4.10","4.10","4.00","1.79M","0.00%"
"09/25/2020","4.10","4.10","4.10","4.00","4.41M","0.00%"
"09/24/2020","4.10","4.00","4.10","4.00","1.37M","2.50%"
"09/23/2020","4.00","4.00","4.00","4.00","512.11K","0.00%"
"09/22/2020","4.00","4.00","4.00","4.00","2.44M","0.00%"
"09/21/2020","4.00","4.00","4.00","4.00","2.32M","0.00%"
"09/18/2020","4.00","3.95","4.00","4.00","2.62M","1.27%"
"09/17/2020","3.95","4.05","3.95","3.95","1.25M","-2.47%"
"09/16/2020","4.05","4.10","4.05","4.00","6.71M","-1.22%"
"09/15/2020","4.10","4.15","4.10","4.10","1.77M","-1.20%"
"09/14/2020","4.15","4.20","4.15","4.05","1.06M","-1.19%"
"09/11/2020","4.20","4.15","4.20","4.05","1.85M","1.20%"
"09/10/2020","4.15","4.10","4.15","4.15","2.70M","1.22%"
"09/09/2020","4.10","4.15","4.15","4.10","2.55M","-1.20%"
"09/08/2020","4.15","4.20","4.20","4.15","4.23M","-1.19%"
"09/07/2020","4.20","4.15","4.20","4.20","680.99K","1.20%"
"09/04/2020","4.15","4.15","4.15","4.15","10.47M","0.00%"
"09/03/2020","4.15","4.15","4.15","4.00","492.64K","0.00%"
"09/02/2020","4.15","4.15","4.15","4.15","2.74M","0.00%"
"09/01/2020","4.15","3.90","4.25","4.15","1.57M","6.41%"
"08/31/2020","3.90","3.90","4.10","3.90","632.84K","0.00%"
"08/28/2020","3.90","3.95","3.90","3.90","1.62M","-1.27%"
"08/27/2020","3.95","4.00","4.00","3.95","2.42M","-1.25%"
"08/26/2020","4.00","4.00","4.00","3.95","5.13M","0.00%"
"08/25/2020","4.00","4.00","4.00","4.00","1.40M","0.00%"
"08/24/2020","4.00","4.00","4.00","3.95","5.69M","0.00%"
"08/21/2020","4.00","4.00","4.10","4.00","3.74M","0.00%"
"08/20/2020","4.00","4.00","4.00","3.95","4.44M","0.00%"
"08/19/2020","4.00","4.00","4.00","4.00","1.64M","0.00%"
"08/18/2020","4.00","4.00","4.15","3.95","795.18K","0.00%"
"08/17/2020","4.00","4.05","4.05","4.00","4.64M","-1.23%"
"08/14/2020","4.05","4.05","4.05","4.05","1.95M","0.00%"
"08/13/2020","4.05","4.10","4.15","4.05","1.67M","-1.22%"
"08/12/2020","4.10","4.15","4.15","4.10","3.05M","-1.20%"
"08/11/2020","4.15","4.05","4.20","4.15","2.91M","2.47%"
"08/10/2020","4.05","4.25","4.25","4.00","9.39M","-4.71%"
"08/07/2020","4.25","4.25","4.25","4.25","1.17M","0.00%"
"08/06/2020","4.25","4.20","4.25","4.25","1.26M","1.19%"
"08/05/2020","4.20","4.20","4.20","4.20","1.49M","0.00%"
"08/04/2020","4.20","4.10","4.20","4.10","1.64M","2.44%"
"08/03/2020","4.10","4.15","4.20","4.10","4.59M","-1.20%"
"07/29/2020","4.15","4.25","4.25","4.10","6.08M","-2.35%"
"07/28/2020","4.25","4.30","4.25","4.20","1.31M","-1.16%"
"07/27/2020","4.30","4.25","4.35","4.30","991.22K","1.18%"
"07/24/2020","4.25","4.20","4.30","4.25","1.19M","1.19%"
"07/23/2020","4.20","4.25","4.20","4.20","2.29M","-1.18%"
"07/22/2020","4.25","4.25","4.25","4.25","1.61M","0.00%"
"07/21/2020","4.25","4.25","4.25","4.25","2.34M","0.00%"
"07/20/2020","4.25","4.35","4.30","4.25","3.46M","-2.30%"
"07/17/2020","4.35","4.35","4.45","4.30","7.91M","0.00%"
"07/16/2020","4.35","4.70","4.50","4.35","4.69M","-7.45%"
"07/15/2020","4.70","4.70","4.70","4.60","1.25M","0.00%"
"07/14/2020","4.70","4.75","4.70","4.70","1.72M","-1.05%"
"07/13/2020","4.75","4.80","4.75","4.75","2.39M","-1.04%"
"07/10/2020","4.80","4.75","4.80","4.75","1.10M","1.05%"
"07/09/2020","4.75","4.60","4.80","4.70","1.63M","3.26%"
"07/08/2020","4.60","4.80","4.80","4.60","1.06M","-4.17%"
"07/07/2020","4.80","4.80","4.80","4.60","141.03K","0.00%"
"07/06/2020","4.80","4.80","4.80","4.75","604.74K","0.00%"
"07/03/2020","4.80","4.80","4.80","4.60","514.65K","0.00%"
"07/02/2020","4.80","4.95","4.80","4.80","516.15K","-3.03%"
"07/01/2020","4.95","4.95","4.95","4.70","155.15K","0.00%"
"06/30/2020","4.95","5.00","4.95","4.55","2.65M","-1.00%"
"06/29/2020","5.00","5.25","5.00","4.85","1.68M","-4.76%"
"06/26/2020","5.25","4.80","5.25","4.85","1.81M","9.37%"
"06/25/2020","4.80","4.70","4.80","4.70","3.39M","2.13%"
"06/24/2020","4.70","4.65","4.70","4.70","1.24M","1.08%"
"06/23/2020","4.65","4.90","4.70","4.65","3.64M","-5.10%"
"06/22/2020","4.90","5.00","4.95","4.90","3.04M","-2.00%"
"06/19/2020","5.00","5.00","5.30","5.00","435.07K","0.00%"
"06/18/2020","5.00","5.00","5.35","5.00","71.51K","0.00%"
"06/17/2020","5.00","5.05","5.00","5.00","954.47K","-0.99%"
"06/16/2020","5.05","5.05","5.30","5.05","162.84K","0.00%"
"06/15/2020","5.05","5.45","5.05","5.05","567.31K","-7.34%"
"06/11/2020","5.45","5.50","5.45","5.45","303.58K","-0.91%"
"06/10/2020","5.50","5.55","5.50","5.40","580.46K","-0.90%"
"06/09/2020","5.55","5.55","5.65","5.25","71.58K","0.00%"
"06/08/2020","5.55","5.55","5.75","5.35","149.12K","0.00%"
"06/05/2020","5.55","5.55","5.80","5.30","435.25K","0.00%"
"06/04/2020","5.55","5.55","5.55","5.55","564.36K","0.00%"
"06/03/2020","5.55","5.15","5.65","5.55","2.92M","7.77%"
"06/02/2020","5.15","5.10","5.20","5.15","2.13M","0.98%"
"06/01/2020","5.10","5.10","5.60","5.10","392.71K","0.00%"
"05/29/2020","5.10","5.45","5.10","5.10","687.12K","-6.42%"
"05/28/2020","5.45","6.05","6.00","5.45","3.05M","-9.92%"
"05/27/2020","6.05","5.60","6.10","5.95","10.54M","8.04%"
"05/22/2020","5.60","5.15","5.60","5.50","834.98K","8.74%"
"05/21/2020","5.15","5.05","5.15","5.00","2.01M","1.98%"
"05/20/2020","5.05","4.90","5.10","5.00","10.30M","3.06%"
"05/19/2020","4.90","4.90","4.90","4.90","673.24K","0.00%"
"05/18/2020","4.90","5.00","4.90","4.90","321.68K","-2.00%"
"05/15/2020","5.00","5.00","5.00","5.00","2.07M","0.00%"
"05/14/2020","5.00","5.00","5.00","4.70","136.22K","0.00%"
"05/13/2020","5.00","5.00","5.00","5.00","809.29K","0.00%"
"05/12/2020","5.00","5.00","5.00","4.55","162.49K","0.00%"
"05/11/2020","5.00","5.00","5.00","5.00","978.34K","0.00%"
"05/08/2020","5.00","5.00","5.05","4.55","2.87M","0.00%"
"05/07/2020","5.00","4.70","5.05","4.70","39.61M","6.38%"
"05/06/2020","4.70","4.50","4.70","4.60","4.35M","4.44%"
"05/05/2020","4.50","4.30","4.50","4.45","954.97K","4.65%"
"05/04/2020","4.30","4.45","4.60","4.30","742.59K","-3.37%"
"04/30/2020","4.45","4.50","4.50","4.05","2.87M","-1.11%"
"04/29/2020","4.50","4.50","4.50","4.50","4.16M","0.00%"
"04/28/2020","4.50","4.50","4.50","4.45","3.19M","0.00%"
"04/27/2020","4.50","4.60","4.50","4.50","2.12M","-2.17%"
"04/24/2020","4.60","4.50","4.70","4.50","3.81M","2.22%"
"04/23/2020","4.50","5.00","4.80","4.50","7.47M","-10.00%"
"04/22/2020","5.00","5.00","4.80","4.50","559.41K","0.00%"
"04/21/2020","5.00","5.00","5.00","4.50","958.50K","0.00%"
"04/20/2020","5.00","5.00","5.00","4.65","430.15K","0.00%"
"04/17/2020","5.00","5.00","4.95","4.55","229.96K","0.00%"
"04/16/2020","5.00","5.00","5.35","4.60","601.50K","0.00%"
"04/15/2020","5.00","4.85","5.25","4.80","1.55M","3.09%"
"04/14/2020","4.85","4.65","4.90","4.70","1.31M","4.30%"
"04/09/2020","4.65","4.40","4.65","4.65","794.56K","5.68%"
"04/08/2020","4.40","4.00","4.40","4.30","969.44K","10.00%"
"04/07/2020","4.00","4.00","4.40","4.00","362.37K","0.00%"
"04/06/2020","4.00","3.90","4.00","4.00","538.85K","2.56%"
"04/03/2020","3.90","3.90","4.10","3.90","2.12M","0.00%"
"04/02/2020","3.90","4.05","4.00","3.90","982.27K","-3.70%"
"04/01/2020","4.05","4.45","4.05","4.05","1.12M","-8.99%"
"03/31/2020","4.45","4.45","4.45","4.25","380.67K","0.00%"
"03/30/2020","4.45","4.45","4.45","4.20","950.77K","0.00%"
"03/27/2020","4.45","4.20","4.45","4.45","291.45K","5.95%"
"03/26/2020","4.20","4.05","4.30","4.20","886.07K","3.70%"
"03/25/2020","4.05","4.05","4.15","4.05","4.04M","0.00%"
"03/24/2020","4.05","4.45","4.05","4.05","606.56K","-8.99%"
"03/23/2020","4.45","4.90","5.00","4.45","2.89M","-9.18%"
"03/20/2020","4.90","4.90","5.30","4.80","248.03K","0.00%"
"03/19/2020","4.90","4.95","4.90","4.85","637.91K","-1.01%"
"03/18/2020","4.95","4.95","0.00","0.00","472.04K","0.00%"
"03/17/2020","4.95","4.65","4.95","4.95","766.05K","6.45%"
"03/16/2020","4.65","4.60","4.85","4.65","2.39M","1.09%"
"03/13/2020","4.60","4.40","4.60","4.60","756.62K","4.55%"
"03/12/2020","4.40","4.85","4.40","4.40","1.95M","-9.28%"
"03/11/2020","4.85","5.30","4.85","4.85","825.35K","-8.49%"
"03/10/2020","5.30","5.30","0.00","0.00","593.96K","0.00%"
"03/09/2020","5.30","5.85","5.30","5.30","708.30K","-9.40%"
"03/06/2020","5.85","6.45","5.85","5.85","1.12M","-9.30%"
"03/05/2020","6.45","5.90","6.45","6.45","697.24K","9.32%"
"03/04/2020","5.90","5.40","5.90","5.50","1.20M","9.26%"
"03/03/2020","5.40","5.10","5.50","5.40","4.04M","5.88%"
"03/02/2020","5.10","5.40","5.45","5.10","962.14K","-5.56%"
"02/28/2020","5.40","6.00","5.70","5.40","6.55M","-10.00%"
"02/27/2020","6.00","6.25","6.25","6.00","1.72M","-4.00%"
"02/26/2020","6.25","6.50","6.25","6.00","967.96K","-3.85%"
"02/25/2020","6.50","6.40","6.50","6.25","1.30M","1.56%"
"02/24/2020","6.40","6.40","0.00","0.00","345.08K","0.00%"
"02/21/2020","6.40","6.40","0.00","0.00","711.38K","0.00%"
"02/20/2020","6.40","6.40","0.00","0.00","42.62K","0.00%"
"02/19/2020","6.40","6.40","0.00","0.00","149.08K","0.00%"
"02/18/2020","6.40","6.40","6.45","6.40","1.16M","0.00%"
"02/17/2020","6.40","7.00","6.50","6.40","1.36M","-8.57%"
"02/14/2020","7.00","7.00","0.00","0.00","468.53K","0.00%"
"02/13/2020","7.00","7.00","0.00","0.00","294.88K","0.00%"
"02/12/2020","7.00","6.95","7.00","7.00","2.12M","0.72%"
"02/11/2020","6.95","7.10","7.00","6.95","27.74M","-2.11%"
"02/10/2020","7.10","7.10","0.00","0.00","186.21K","0.00%"
"02/07/2020","7.10","7.40","7.20","7.00","7.93M","-4.05%"
"02/06/2020","7.40","7.10","7.40","7.10","4.86M","4.23%"
"02/05/2020","7.10","7.20","7.25","7.00","19.86M","-1.39%"
"02/04/2020","7.20","7.45","7.20","7.20","350.96K","-3.36%"
"02/03/2020","7.45","7.45","7.45","7.45","2.91M","0.00%"
"01/31/2020","7.45","7.45","7.50","7.45","1.07M","0.00%"
"01/30/2020","7.45","7.45","7.45","7.45","312.06K","0.00%"
"01/29/2020","7.45","7.65","7.60","7.30","2.84M","-2.61%"
"01/28/2020","7.65","7.65","0.00","0.00","971.15K","0.00%"
"01/27/2020","7.65","7.65","7.65","7.50","11.27M","0.00%"
"01/24/2020","7.65","7.60","7.70","7.65","7.33M","0.66%"
"01/23/2020","7.60","7.70","7.65","7.50","2.22M","-1.30%"
"01/22/2020","7.70","7.70","0.00","0.00","1.40M","0.00%"
"01/21/2020","7.70","7.70","0.00","0.00","2.39M","0.00%"
"01/20/2020","7.70","7.55","7.80","7.70","3.08M","1.99%"
"01/17/2020","7.55","7.50","7.55","7.50","2.10M","0.67%"
"01/16/2020","7.50","7.20","7.50","7.40","2.65M","4.17%"
"01/15/2020","7.20","7.80","7.35","7.20","1.90M","-7.69%"
"01/14/2020","7.80","7.80","0.00","0.00","703.00K","0.00%"
"01/13/2020","7.80","7.80","0.00","0.00","887.68K","0.00%"
"01/10/2020","7.80","7.70","7.80","7.40","1.27M","1.30%"
"01/09/2020","7.70","8.00","8.50","7.70","6.30M","-3.75%"
"01/08/2020","8.00","7.60","8.05","7.75","6.65M","5.26%"
"01/07/2020","7.60","7.40","7.60","7.40","5.64M","2.70%"
"01/06/2020","7.40","6.95","7.50","7.40","3.80M","6.47%"
"01/03/2020","6.95","6.55","6.95","6.65","1.73M","6.11%"
"01/02/2020","6.55","6.50","6.55","6.55","1.07M","0.77%"