date,forecasted_vol,actual_vol_proxy
2022-01-13,0.1921295237156067,0.15670914888733103
2022-01-14,0.23391169098345777,0.03152832787404725
2022-01-17,0.2197965562397288,0.219394518885825
2022-01-18,0.33339163576108244,0.03115704212444514
2022-01-19,0.3076888255048338,0.031157042124443552
2022-01-20,0.3087780537427332,0.18566887522636022
2022-01-21,0.4305668260601461,0.09256299034196715
2022-01-24,0.459303004387138,0.09310588488439467
2022-01-25,0.35085235978971313,0.0
2022-01-26,0.2832686282531196,0.0
2022-01-27,0.2558282731188022,0.09310588488439467
2022-01-28,0.3022417604525049,0.7553521834289426
2022-01-31,1.1280465180598112,0.6362220752916966
2022-02-01,2.179212899631109,0.17100173827683726
2022-02-02,1.7763383181192387,0.1439221813453102
2022-02-03,1.4922996452955173,0.028889012279331966
2022-02-04,0.6561676847239816,0.08682523668411196
2022-02-07,0.5028393278766309,0.0581484454807107
2022-02-08,0.45521464054921373,0.0
2022-02-09,0.4150426190028825,0.0
2022-02-10,0.38367537287595205,0.3832472157404627
2022-02-11,0.6016690406908204,0.11980817522813025
2022-02-14,0.7175041279629996,0.060244883943768195
2022-02-15,0.7574080580553743,0.1821187224962817
2022-02-16,0.5088525894188488,0.1821187224962801
2022-02-17,0.8623711553840776,0.06047438881761829
2022-02-18,0.7696622878369411,0.15075619348528596
2022-02-21,0.8184246941314374,0.20868198179327463
2022-02-22,0.6200145401765601,0.17870178805444892
2022-02-23,0.456442026910766,0.23782479072181564
2022-02-24,0.5222493165078458,0.0
2022-02-25,0.5098758539529813,0.0
2022-02-28,0.72880936581916,0.02947913171459263
2022-03-01,0.5000710568300478,0.17770157053167088
2022-03-02,0.5545603809931124,0.17971332915523452
2022-03-03,0.5187435339219351,0.2122697436522748
2022-03-04,0.4268947790920294,0.0
2022-03-07,0.5630893643725784,0.12164433367866181
2022-03-08,0.393068040445492,0.030323806482297072
2022-03-09,0.3062591345356753,0.09132052719636473
2022-03-10,0.2800903774489554,0.5991091334437523
2022-03-11,0.6630196941989859,0.17737064823845272
2022-03-14,0.6337395506717063,0.3000941515266361
2022-03-15,1.1783308744820729,0.030323806482297072
2022-03-16,0.6053744802157078,0.030323806482297072
2022-03-17,0.4490021918168107,0.0
2022-03-18,0.34082289032511676,0.030323806482297072
2022-03-21,0.3206676587360475,0.09132052719636473
2022-03-22,0.3592599547928706,0.0
2022-03-23,0.26786218454949856,1.9462515264921083
2022-03-24,1.6622783990899863,0.10319326392776343
2022-03-25,1.1549869304727618,0.06842470881145972
2022-03-28,0.6630639321016534,0.03410207082987647
2022-03-29,0.5487292962016561,0.2057200435691028
2022-03-30,0.5295609451158524,0.4196149472626787
2022-03-31,0.5645410504669984,0.6509821952452534
2022-04-01,0.6435264214342912,0.21997360573761507
2022-04-04,0.7165508192706548,0.3955348141505297
2022-04-05,0.7465163711443742,0.17856777563741003
2022-04-06,0.6126361573959319,0.24943623202658785
2022-04-07,0.613632256445497,0.3842202662306124
2022-04-08,0.6929176552099497,0.03454736481344961
2022-04-11,0.6665820026277006,0.4769524213560814
2022-04-12,0.8185355639555759,0.49560241118934895
2022-04-13,0.8807659234005016,0.06492650304874265
2022-04-14,0.7710074000517378,0.0
2022-04-19,0.6734487957205494,0.5270030139915082
2022-04-20,0.6810299813886247,0.2656883419058575
2022-04-21,0.6226493003795976,0.06573304574999372
2022-04-22,0.5352604003718379,0.2602436622440376
2022-04-25,0.5790699788454109,0.22747892849402915
2022-04-26,0.5284176615172941,0.19761053351060487
2022-04-27,0.47479357285346807,0.0
2022-04-28,0.42946071969373223,0.03310638919711991
2022-04-29,0.37891768519709157,0.03310638919711991
2022-05-04,0.3728593557582706,0.30110612072814325
2022-05-05,0.40323232116883867,0.06769523208103308
2022-05-06,0.37053091882198375,0.2356810098916173
2022-05-09,0.44386528268121206,0.0
2022-05-10,0.412712188059534,0.13312034291756059
2022-05-11,0.4689077768958975,0.23369834272757645
2022-05-12,0.8149613683433474,0.200522765623934
2022-05-13,0.8980927532402536,0.03317557710364244
2022-05-16,0.8256389002494509,0.03317557710364244
2022-05-17,0.5286505660976419,0.0
2022-05-18,0.341053528137932,0.0
2022-05-19,0.2771154058248241,0.1334000107916124
2022-05-20,0.28792258347496247,0.1345305328328884
2022-05-23,0.3064529580177423,0.3414004239563315
2022-05-24,0.4326080523064376,0.4196149472626787
2022-05-25,0.41780116023066227,0.4196149472626802
2022-05-26,0.5847522003783208,0.0
2022-05-27,0.49393418214241935,0.06917007835574152
2022-05-30,0.4522540876117713,0.24449670344223698
2022-05-31,0.4378573253389496,0.03515950023427831
2022-06-01,0.42317844808852517,0.03515950023427831
2022-06-02,0.4419260085287952,0.0
2022-06-03,0.36907779596969253,0.0352375458038133
2022-06-06,0.3461395033346809,0.07071061966088368
2022-06-07,0.308494923906667,0.0
2022-06-08,0.3062710190916357,0.14237322219236223
2022-06-09,0.3449207006250935,0.1436616851504501
2022-06-10,0.3710683638331781,0.36494728790243935
2022-06-14,0.6209643976371603,0.1103678225552993
2022-06-15,0.46002839282719155,0.1103678225552993
2022-06-16,0.4698893530407342,0.33578354341324895
2022-06-17,0.792305292217752,0.03775152282488746
2022-06-20,0.7559328184707967,0.0
2022-06-21,0.5506450789522267,0.0
2022-06-22,0.4630424915236585,0.037841514621158666
2022-06-23,0.43310518794217545,0.037931936486364934
2022-06-24,0.5633764654547064,0.03802279151082371
2022-06-27,0.42931539348129905,0.1146178832523897
2022-06-28,0.5645519524979584,0.15412264623173372
2022-06-29,0.6091160560444241,0.0
2022-06-30,0.572119545660178,0.0387656062398026
2022-07-01,0.5381614341010558,0.0
2022-07-04,0.5135669106226668,0.0
2022-07-05,0.49089622096627944,0.11686807041606695
2022-07-06,0.3788058045033236,0.0780075666367024
2022-07-07,0.3196186668385847,0.0
2022-07-08,0.317590426271167,0.0
2022-07-13,0.3197116050941921,0.23174875625090088
2022-07-14,0.44953069937831447,0.19057261124958152
2022-07-15,0.8602959055553488,0.3002360484715479
2022-07-18,0.7608918925702268,0.07418007828389184
2022-07-19,0.7252126050604555,0.4123480632418031
2022-07-20,0.540807750178058,0.03802279151082371
2022-07-21,0.4671629582444553,0.07631989636209797
2022-07-22,0.40441564764867727,0.038297986890291714
2022-07-25,0.3658497084623971,0.23174875625090247
2022-07-26,0.40831286953841744,0.6350649990226307
2022-07-27,0.7370036346172465,0.5773184534725367
2022-07-28,0.8630673802310971,0.7785189651897094
2022-07-29,1.8674686928368784,0.11950752451711587
2022-08-01,1.4094394188729507,0.27540109571392657
2022-08-02,1.3220625772880281,0.038955867074415604
2022-08-03,1.046858793833923,0.07762611001916556
2022-08-04,0.9021229140080039,0.07724836589687786
2022-08-05,0.6115531555721694,0.07724836589687945
2022-08-08,0.4327320145727162,0.03867117105191464
2022-08-09,0.4250983377976437,0.0
2022-08-10,0.6078067257107265,0.07743677729171883
2022-08-11,0.6037505173797745,0.03886050377936454
2022-08-12,0.5701449184831724,0.038955867074415604
2022-08-15,0.5450945360886384,0.0390516995622868
2022-08-16,0.5252415847988848,0.0
2022-08-17,0.5034978099241985,0.0
2022-08-18,0.47261784622524167,0.0
2022-08-19,0.45090062025363703,0.0391480047141885
2022-08-22,0.43574779102518285,0.03924478603567717
2022-08-23,0.4278684340735031,0.07878183845084949
2022-08-24,0.456398268945017,0.1189107272890407
2022-08-25,0.5091707887307214,0.03973596033811291
2022-08-26,0.5307643694514751,0.07957163460845056
2022-08-29,0.5320854115653121,0.03993588990866372
2022-08-30,0.4870465445040764,0.0
2022-08-31,0.46244595997652654,0.0
2022-09-01,0.440703462726548,0.04003661104912888
2022-09-02,0.4214766013354267,0.07997250095779261
2022-09-05,0.510528626227746,0.07997250095779261
2022-09-06,0.5079812072029697,0.0
2022-09-07,0.47065119314559034,0.0
2022-09-08,0.4403912876239093,0.08037742673909602
2022-09-09,0.44960156228591364,0.08037742673909762
2022-09-12,0.5260428940741361,0.0
2022-09-13,0.48574368694311676,0.04013784152613158
2022-09-14,0.2630778500054381,0.040239585212964446
2022-09-15,0.23743947914474475,0.0
2022-09-16,0.25425248058046057,0.04034184602229363
2022-09-19,0.36786172827255936,0.08099256276561333
2022-09-20,0.262088709528608,0.24548697248384993
2022-09-21,0.5448132397577519,0.12418192036294252
2022-09-22,0.5493447703053422,0.5066762393965922
2022-09-23,0.9176436485017277,0.2975229125719927
2022-09-26,1.082488816836124,0.08443907071874679
2022-09-27,0.9018254662450389,0.6480290731334188
2022-09-28,1.2628135386147243,0.17737064823844956
2022-09-29,1.0734692706454576,0.044654060010757064
2022-09-30,0.8715265338343893,0.13472081875448622
2022-10-04,0.693688429407154,0.27292089762023347
2022-10-05,0.49333380297770885,0.324453790821367
2022-10-06,0.5696174334648214,0.04675852531280089
2022-10-07,0.8112834288691392,0.04675852531279931
2022-10-11,0.6891023975451869,0.09393227327919539
2022-10-12,0.35549787508960384,0.09393227327919856
2022-10-13,0.37229408734950914,0.865682616983719
2022-10-14,1.33533692810283,0.1763852354154917
2022-10-17,1.1874526648173167,0.38984379541509506
2022-10-18,0.9965282032330652,0.08580835956149833
2022-10-19,0.8100235461072127,0.0
2022-10-20,0.8925046734658175,0.04296215847266042
2022-10-21,0.7493759605777426,0.08604090367837636
2022-10-24,0.6546672498382703,0.08650979375140572
2022-10-25,0.6075194077732988,0.08698382238415191
2022-10-26,0.5790375408768208,0.17541071146623574
2022-10-27,0.6426660673721398,0.08843759846157913
2022-10-28,0.6022871423382237,0.2683079285421153
2022-10-31,0.7483650048512602,0.0
2022-11-01,0.6380209659772516,0.0
2022-11-02,0.5693359876376494,0.0
2022-11-03,0.5225547997973577,0.0
2022-11-04,0.4898240046692491,0.04516221500260179
2022-11-07,0.4619888235690713,0.045291066004558296
2022-11-08,0.43851123153780147,0.0452910660045567
2022-11-09,0.48456177678516876,0.04516221500260179
2022-11-10,0.5066279623262451,0.04516221500260179
2022-11-11,0.47124640435667686,0.13510301008159828
2022-11-14,0.6091316819564419,0.3547523688786121
2022-11-15,1.0167785191456151,1.0190347859095106
2022-11-16,2.3701769621442565,0.2486918934947139
2022-11-17,1.4947477039238823,0.37159192309765066
2022-11-18,1.327517268783867,0.04075614014415406
2022-11-21,0.9342905962602195,0.7162647047946415
2022-11-22,1.6751555619736485,0.07762611001916556
2022-11-23,1.129879037148601,0.15563367665587113
2022-11-24,0.9021873168761759,0.23634939615163977
2022-11-25,0.8613830629552368,0.039735960338114495
2022-11-28,0.6820803915909587,0.039835674270336054
2022-11-29,0.5717153219836373,0.07957163460845214
2022-11-30,0.6096368426109874,0.23634939615164138
2022-12-01,0.8330260605841914,0.8376983512750781
2022-12-02,1.9895630367829584,0.0
2022-12-05,1.1600988729396673,0.26177637969184403
2022-12-06,0.9710319201667865,0.03775152282488746
2022-12-07,0.7149009609386717,0.07577345110752517
2022-12-08,0.6178312481034189,0.07577345110752677
2022-12-09,0.6310493891387217,0.0
2022-12-12,0.5602971354378073,0.0
2022-12-13,0.5201684173550184,0.07577345110752517
2022-12-14,0.5164685661436341,0.30676332099494874
2022-12-15,0.7378692794664367,0.3067633209949503
2022-12-16,0.9437761748892625,0.5229722591183813
2022-12-19,1.287521855355769,0.03670408078257959
2022-12-20,0.8882032340013397,0.29061695611655075
2022-12-21,0.9849465357108027,0.07183047489512118
2022-12-22,0.7980618440416862,0.2135616227103467
2022-12-23,0.8608963794468671,0.5899403097997137
2022-12-28,1.404784087820211,0.0679851483061925
2022-12-29,0.9945567397233234,0.27370519187529524
2022-12-30,0.9192479014199579,0.17161797273922633
2023-01-03,0.8721702522567153,0.1697824512171036
2023-01-04,0.8507280402019064,0.33421250992526313
2023-01-05,1.0247520110281736,0.0
2023-01-06,0.783413256174673,0.19968197709237634
2023-01-09,0.7673160462241839,0.03352590024658812
2023-01-10,0.6332407429676716,0.23320787733896603
2023-01-11,0.8205782175904066,0.3273210368991303
2023-01-12,1.027423200140842,0.0
2023-01-13,0.7708473257639565,0.2613146720856491
2023-01-16,0.8148183645564571,0.06573304574999372
2023-01-17,0.7264394023141312,0.16315156834313305
2023-01-18,0.7766215094825343,0.06505954953362053
2023-01-19,0.6673297346643792,0.16382506455950624
2023-01-20,0.6768981642118359,0.03290054621490899
2023-01-23,0.6201014637968615,0.06586942175451503
2023-01-24,0.5705280012767597,0.19679394009911702
2023-01-25,0.7410602658045531,0.0
2023-01-26,0.6290118708235547,0.06505954953362053
2023-01-27,0.6196155120693253,0.3531380942268077
2023-01-30,0.9925285123952702,0.031780807144127406
2023-01-31,0.74505806838294,0.0634981161297948
2023-02-01,0.6883364466104224,0.0
2023-02-02,0.6011856318774697,0.0947734627909002
2023-02-03,0.6295508906032481,0.06311939873050657
2023-02-06,0.5785115592195865,0.09458523235571625
2023-02-07,0.6188783194681424,0.06299416149925376
2023-02-08,0.5685378383473563,0.0315910708564609
2023-02-09,0.5128698095030706,0.06311939873050974
2023-02-10,0.5450410841285575,0.03152832787404725
2023-02-13,0.49543093975471647,0.0315910708564609
2023-02-14,0.45986486658102094,0.03159107085645772
2023-02-15,0.4720956053831677,0.03152832787404884
2023-02-16,0.4722886908811502,0.03152832787404725
2023-02-17,0.45031537705082664,0.0315910708564609
2023-02-20,0.4302469202663279,0.06337137304605944
2023-02-21,0.43610581588484776,0.1264907717765676
2023-02-22,0.5363547828448642,0.06286942025898103
2023-02-23,0.5464816909286512,0.12499677075279354
2023-02-24,0.5971891665109699,0.30825255668874646
2023-02-27,0.8319735878713579,0.39198307280751093
2023-02-28,1.0676876059627727,0.14822243881707825
2023-03-01,0.9094327448007569,0.11846702641929122
2023-03-02,0.7811435814914696,0.11935776430252602
2023-03-03,0.7053019784768432,0.12026199840649023
2023-03-06,0.6675259130613488,0.06047438881761829
2023-03-07,0.6010126039771218,0.12071927276138808
2023-03-08,0.642824496304117,0.08994079507899966
2023-03-09,0.6414535018028987,0.029923680616277624
2023-03-10,0.5561041973951382,0.3023807209027719
2023-03-13,0.7576720341011103,0.4961187477005242
2023-03-14,1.065527690771719,0.1264907717765676
2023-03-15,0.8628207222820932,0.19164628577100906
2023-03-16,0.818560888003491,0.06439971455489567
2023-03-17,0.6877008420709805,0.06439971455489409
2023-03-20,0.6418715513368254,0.06439971455489567
2023-03-21,0.5807289196973839,0.3825367721024755
2023-03-22,0.9539317494602414,0.03152832787404725
2023-03-23,0.7444107243189256,0.1585878111063996
2023-03-24,0.7158836659560766,0.06388140558851507
2023-03-27,0.6215311040091277,0.0
2023-03-28,0.5484805526088947,0.2539975445689651
2023-03-29,0.7490468020677904,0.2189622006933805
2023-03-30,0.8163178606167285,0.0310960096816059
2023-03-31,0.675774193619328,0.062375356740902076
2023-04-03,0.6057944693620517,0.5080276063733496
2023-04-04,0.9663431317087919,0.06439971455489409
2023-04-05,0.8140998941356994,0.1939882535120221
2023-04-06,0.7815526707618793,0.06519314241293321
2023-04-11,0.6647644188966685,0.0
2023-04-12,0.581214978357862,0.03263003793553453
2023-04-13,0.550896926956081,0.032563104477397097
2023-04-14,0.5370096854353041,0.38563453928303437
2023-04-17,0.9892731675723216,0.09496244390252034
2023-04-18,0.6478597538001845,0.0
2023-04-19,0.6785873545505389,0.09496244390252034
2023-04-20,0.6291774255014875,0.0
2023-04-25,0.5636250126100121,0.0
2023-04-26,0.5179989980584908,0.06362536720387928
2023-04-27,0.5001591042307664,0.03190856926875816
2023-04-28,0.3611899946723062,1.4016016866779353
2023-05-02,3.3186584980630705,0.2079659594680187
2023-05-03,1.7228133010602673,0.6411405905491336
2023-05-04,1.4644334108068924,0.03303748927387352
2023-05-05,1.2478169906360135,0.2942835476252568
2023-05-08,1.1679959277604357,0.0646620359083806
2023-05-09,0.9312703758161223,0.0
2023-05-10,0.7428906153014887,0.3919830728075125
2023-05-11,0.878509828331154,0.16450414431348337
2023-05-12,0.8435666484762364,0.09849777950000063
2023-05-15,0.7382921035144026,0.6453940813659972
2023-05-16,1.235316597196741,0.6505586736273987
2023-05-17,1.5012799732928401,0.030323806482297072
2023-05-18,1.068215479596005,0.24052744798951992
2023-05-19,1.0005616692127572,0.3248849887294783
2023-05-22,1.0630940903607615,0.3183690782417869
2023-05-23,0.8021053198607067,0.23090600372946055
2023-05-24,0.9472262923077838,0.23431433328539725
2023-05-25,0.8006271045874985,0.3501871679488827
2023-05-26,1.0190437180994358,1.0605547522528018
2023-05-30,1.9729295390916761,0.3825367721024755
2023-05-31,1.5424718724053887,0.16507435957841418
2023-06-01,0.9621563661843042,0.35985604094847545
2023-06-02,0.8538263275372255,0.14060772056496587
2023-06-05,0.7493478196875185,0.14186428521056524
2023-06-06,0.8294324728013467,0.028525628280270637
2023-06-07,0.6804369653510406,0.05700008948683663
2023-06-08,0.6486487762993832,0.05679615313151543
2023-06-09,0.6120873561742606,1.5130021990505669
2023-06-13,4.1122123043301215,1.4284381809068705
2023-06-14,3.853355969868692,0.8962819424369337
2023-06-15,2.6046844396038566,0.63557359358788
2023-06-16,1.9089899515999076,0.7349448593367698
2023-06-19,1.9613891093111184,0.12334567003193622
2023-06-20,1.4063462545994638,0.14813023067365852
2023-06-21,1.058174219082735,0.24999741657340327
2023-06-22,0.9435980189890854,0.025217650841469725
2023-06-23,0.7244369023365727,0.618726322817226
2023-06-26,1.454449416782623,0.8045436557457729
2023-06-27,1.8696567170914142,0.27449400689528086
2023-06-30,1.4713372041968358,0.6661610087042398
2023-07-03,1.6669760717948086,0.6208699426996799
2023-07-04,1.1278953969823564,0.4019077420062962
2023-07-05,1.4888621977123802,0.022063252844721777
2023-07-06,1.0606485462231015,0.3277716140209532
2023-07-07,1.1596666464564886,0.30570836117622824
2023-07-10,1.0349405801268179,0.04415721307979481
2023-07-11,0.8180404034713544,0.04415721307979322
2023-07-12,0.7075714630524074,0.9073616901324988
2023-07-13,1.343335669366291,0.14069079859199787
2023-07-14,1.0475999396574769,0.14069079859199787
2023-07-17,0.9615749643548319,0.23174875625090088
2023-07-18,1.0098314132109834,0.13744248512324805
2023-07-19,0.9383446651961121,0.09097164074749053
2023-07-20,0.8496980035661116,1.5130021990505669
2023-07-21,4.173889133828376,0.0
2023-07-24,2.54065130984392,0.08225152010841519
2023-07-25,1.787952284244943,0.0
2023-07-26,1.3117131012990269,0.5000258380147072
2023-07-27,1.2904717734439006,0.19164628577101067
2023-07-28,1.0860042672524663,0.17231656705211498
2023-07-31,0.9455877465327085,0.5060909285594998
2023-08-01,1.0788672955013374,0.0
2023-08-02,0.8677949643897078,0.35376411881268305
2023-08-03,1.0804786960311745,0.04367130090276246
2023-08-04,0.917136975315156,0.259534519813934
2023-08-07,0.997098472972169,0.21308384185324747
2023-08-08,1.006297605297697,0.0
2023-08-09,0.8296647705993013,0.21026145623529033
2023-08-10,0.8965411956323381,0.04183008445781788
2023-08-11,0.7544654921073755,0.12615569335276158
2023-08-14,0.6996159826860989,0.08466424264005995
2023-08-15,0.6371938913869559,0.0851182085770421
2023-08-16,0.5933533532577109,0.042730867972012046
2023-08-17,0.5340725425072748,0.2805900409315564
2023-08-18,0.6538144804469902,0.021760809255929214
2023-08-21,0.5996038370624034,0.021760809255929214
2023-08-22,0.5281261853652635,0.28563898989903197
2023-08-23,0.651669836665623,0.08843759846157913
2023-08-24,0.6584157875942039,0.04403472412060507
2023-08-25,0.6236869293979918,0.044034724120606654
2023-08-28,0.5589935780562268,0.2840662203102916
2023-08-29,0.8137807003732912,0.15232680974681673
2023-08-30,0.7588689381445431,0.17396895061275336
2023-08-31,0.8114532701170938,0.5525821681924793
2023-09-01,1.314658715911949,1.0114571966855552
2023-09-04,2.153977072164793,0.3968833685298276
2023-09-05,1.7308404426451207,0.2838429517275607
2023-09-06,1.411385833548535,0.08161718681363606
2023-09-07,1.1455564443405424,0.061173516420351334
2023-09-08,0.9081724438689837,1.4314897844393693
2023-09-11,1.9627248003789841,0.2251740997616479
2023-09-12,1.5242618779210257,0.924990240379867
2023-09-13,2.109096548995886,0.47779143236901084
2023-09-14,1.7740590181951688,0.356745527003696
2023-09-15,1.5050271780277997,0.022533017078428117
2023-09-18,1.157940533430406,0.06740777800056359
2023-09-19,0.9663748268622423,0.0894340836862484
2023-09-20,0.8625504366371747,0.17737064823845114
2023-09-21,0.8962161072997145,0.022063252844721777
2023-09-22,0.731838079384681,0.06637434561685576
2023-09-25,0.6491412351343715,0.4725574521676274
2023-09-26,0.9022804611723337,0.11461788325238811
2023-09-28,0.7942016952684141,0.0230232206656787
2023-09-29,0.6650519146133991,0.34189062754357735
2023-10-03,0.9689485213399199,0.356745527003696
2023-10-04,1.1547779324589553,0.0
2023-10-05,0.9220724589546253,0.02203263069353267
2023-10-06,0.7850140413681577,0.06618984377332747
2023-10-09,0.687493673865637,0.11093342046077859
2023-10-10,0.6467965715950358,0.29210817447027954
2023-10-11,0.7465551339846588,0.13665370929806694
2023-10-12,0.702675250100968,0.0
2023-10-13,0.6153229453921781,0.04568206855057481
2023-10-16,0.5939084039645464,0.1814249217546506
2023-10-17,0.7250371083719668,0.11234659677517721
2023-10-18,0.7352648345801058,0.11155708500600647
2023-10-19,0.7373293975669555,0.08918286302669746
2023-10-20,0.6629750537666235,0.13472081875448622
2023-10-23,0.644759354952276,0.356745527003696
2023-10-24,0.9726496132067953,0.19968197709237634
2023-10-25,0.9030159301543966,0.24751683091847818
2023-10-26,0.8831562288366165,0.15795660540177411
2023-10-27,0.8851083369761322,0.0
2023-10-30,0.7463490306700633,0.2489282461492678
2023-10-31,0.7812763636088603,0.2713657168336487
2023-11-01,0.9414919480992794,0.18039407608615496
2023-11-02,0.8686732579613623,0.06788823404292334
2023-11-03,0.7935013939540272,0.06759914203586603
2023-11-06,0.7409793116328931,0.13434078369361083
2023-11-07,0.7698627320283549,0.0445288030159404
2023-11-08,0.702276082568362,0.08868463214271434
2023-11-09,0.6965867063899849,0.08868463214271434
2023-11-10,0.6406242928775179,0.13284184522250914
2023-11-13,0.701371681260288,0.13173941056347488
2023-11-14,0.7393417397172761,0.30320582071669644
2023-11-15,0.9588472817190148,0.0
2023-11-16,0.7949904925930752,0.0
2023-11-17,0.678370346611616,0.04284620108883633
2023-11-20,0.6340042676416141,0.08534702206652552
2023-11-21,0.643754899700854,0.3784830162412287
2023-11-22,1.0197446006907762,0.308652131499455
2023-11-23,1.1287842907572905,0.0203649904342906
2023-11-24,0.9220023879498236,0.061173516420351334
2023-11-27,0.7817358835172116,0.1436616851504501
2023-11-28,0.7388209956769577,0.02062964275566356
2023-11-29,0.632347521951924,0.22546484432646502
2023-11-30,0.7941578251337486,0.0406517709130469
2023-12-01,0.711426800414064,0.0405479348589624
2023-12-04,0.6559563670410908,0.12102605914191059
2023-12-05,0.6931080387408531,0.08017445257525886
2023-12-06,0.6755676044010323,0.28240021748918354
2023-12-07,0.7661697672994642,0.0406517709130469
2023-12-08,0.6933538245799316,0.06078312927051834
2023-12-11,0.6584329539080823,0.10079086473035306
2023-12-12,0.6732120614938593,0.15994601675426184
2023-12-13,0.7446539054913178,0.0
2023-12-14,0.6400572676684061,0.0
2023-12-15,0.564130250194239,0.11980817522812866
2023-12-18,0.37777990559243335,0.04003661104912888
2023-12-19,0.4189062630726374,0.11950752451711587
2023-12-20,0.4070274480925308,0.0
2023-12-21,0.3588813976300093,0.019830743198998538
2023-12-22,0.3720668704700102,0.07907616782939
2023-12-27,0.49183608983892135,0.07907616782939159
2023-12-28,0.5056684262365229,0.17737064823845114
2023-12-29,0.6046479733177162,0.15756464708355145
2024-01-02,0.6222514835146254,0.5447669615756398
2024-01-03,1.0861528613061824,0.19011613898044688
2024-01-04,1.0460315574778676,0.18786619101177457
2024-01-05,1.0312582696932215,0.5506161631288028
2024-01-08,1.3496745281259859,1.44726915330057
2024-01-09,2.696952790918069,1.44726915330057
2024-01-10,2.801476497630494,0.356745527003696
2024-01-11,2.3015240135162327,0.45209759152955836
2024-01-12,2.0636041026661314,0.01713384717482879
2024-01-15,1.5365266505284594,0.3388497461194242
2024-01-16,1.5191412567911344,0.28755888448279326
2024-01-17,1.332125750664515,0.34511158887478394
2024-01-18,1.250541502130089,0.4961187477005242
2024-01-19,1.119089828888564,0.0
2024-01-22,1.0515258611350013,0.5679887395005568
2024-01-23,1.0586968058136537,0.07444097048674127
2024-01-24,1.056326619970431,0.38518893280806255
2024-01-25,1.2368251535701715,0.05427187462725583
2024-01-26,0.9530948570856234,0.07240381019807518
2024-01-29,0.9065603243502681,1.0305658452358943
2024-01-30,1.5071436303134926,1.6295841761441512
2024-01-31,2.375544498259575,1.5130021990505669
2024-02-01,3.243446104224743,0.32811701091922096
2024-02-02,2.1461427343436945,0.4063167151956963
2024-02-05,1.5180549735931335,0.23693735177556735
2024-02-06,1.2194350188259862,0.28097207589617085
2024-02-07,1.3685439263284782,0.30085248909736917
2024-02-08,1.5211495380636546,0.019855547136916195
2024-02-09,1.2342763997827724,0.05964130196364322
2024-02-12,1.0133969333137482,0.16014771754636972
2024-02-13,0.935034442973403,0.10091901672427081
2024-02-14,0.83073562316892,0.06086080758116762
2024-02-15,0.7224105177737029,0.02033889819084327
2024-02-16,0.4319612427219807,0.0
2024-02-19,0.543999500456289,0.061173516420351334
2024-02-20,0.5160692920285204,0.12305881676019986
2024-02-21,0.3946656344066305,0.38645809809447584
2024-02-22,0.8352280865409546,0.1818868667230766
2024-02-23,0.9147540093459449,0.18188686672307822
2024-02-26,0.7224145929091137,0.0201070424176382
2024-02-27,0.6343879426731504,1.4527573151067954
2024-02-28,2.3971595934551666,1.5130021990505669
2024-02-29,3.2994909195162436,0.8202677378578807
2024-03-01,2.93538325110772,0.07631989636209797
2024-03-04,2.1007127805409262,0.07631989636209797
2024-03-05,1.5826973167579927,0.1338015808938169
2024-03-06,1.2453993958753224,0.251520925683894
2024-03-07,1.1498549326685472,0.15525314814549737
2024-03-08,1.061454138959379,0.3060240864294006
2024-03-11,1.1652534010229845,0.4113765808592966
2024-03-12,1.3337433441995554,0.5086089730528894
2024-03-13,1.5440009261644327,0.1256327134608346
2024-03-14,1.258586197824215,1.5113640474711383
2024-03-15,3.364604278930073,0.60099951842561
2024-03-18,2.6417541801574016,0.2745929285865422
2024-03-19,2.0373545841063447,0.0
2024-03-20,1.526770331508907,0.4606574844137925
2024-03-21,1.6215649911506151,0.5129260630518173
2024-03-22,1.7345840585713572,0.14721442009872926
2024-03-25,1.400873773193216,0.2930761617791224
2024-03-26,1.359395037092039,0.8786555198029997
2024-03-27,1.5385698781898103,0.15191032543289298
2024-03-28,1.0052455594245975,0.165439286599188
2024-04-02,1.3380831133195712,0.1957052783534176
2024-04-03,1.1645283642528648,1.0649618893900439
2024-04-04,2.2452340269606696,0.3273210368991319
2024-04-05,1.2208992249772268,0.6756129338815947
2024-04-08,1.2741383114872873,1.67254633461681
2024-04-12,3.352910650323876,1.2770305829792912
2024-04-15,3.255733776152772,0.5927171430749701
2024-04-16,2.577126161123666,0.45952852347837153
2024-04-17,2.0940420433668474,0.6341588163607581
2024-04-18,2.036343824866056,0.3977608737325833
2024-04-19,1.7773484795517303,1.4482522471461492
2024-04-22,3.1818475840930507,0.4163325570528064
2024-04-23,2.4497876218703003,0.11062419587657818
2024-04-24,1.7846107668277775,0.022063252844721777
2024-04-25,1.299936018197493,0.19996145540448323
2024-04-26,1.1553351097665938,1.3042117624027032
2024-04-29,2.9447235226180486,0.0
2024-04-30,1.9532555870513473,1.0790376626410556
2024-05-02,2.5932864376864515,1.3472094871917182
2024-05-03,3.2010919946753265,1.1645187282434604
2024-05-06,3.251635337536225,0.9781231479943631
2024-05-07,3.051792644686223,0.2281157300612503
2024-05-08,2.2764105850176874,0.8142558052481008
2024-05-09,2.4373184725501726,0.5652662619404188
2024-05-10,2.257621793610432,0.2846670638310123
2024-05-13,1.861322427981023,0.018797524832781708
2024-05-14,1.376747000383715,0.0
2024-05-15,1.0318969746010127,0.8687308506042144
2024-05-16,1.950202929482317,0.039735960338114495
2024-05-17,1.4523458384554475,0.22034370990312427
2024-05-20,1.288939554820048,0.020158107935899564
2024-05-21,1.0269895488746068,0.5743342429427601
2024-05-22,1.4325586432171231,0.42334529808853466
2024-05-23,1.4858626737988536,0.12819322315536502
2024-05-24,1.2586734497560268,0.19036946435393368
2024-05-27,1.168385424193079,0.10478261057923598
2024-05-28,1.0210956374000222,0.41234806324180473
2024-05-29,1.2861644862527966,0.32233610739784724
2024-05-30,1.3312646065527192,0.07957163460845214
2024-05-31,1.112617169300062,0.0
2024-06-03,0.8980813258568918,0.0
2024-06-04,0.7590349682151181,0.0
2024-06-05,0.6355700483181254,0.0
2024-06-06,0.5440117157271359,0.019855547136919373
2024-06-07,0.4793686734395399,0.019855547136916195
2024-06-10,0.44644638955041577,0.41133043396702884
2024-06-11,1.0485204882874495,0.38207639457053605
2024-06-13,1.2777232697209677,0.056526497233863084
2024-06-14,1.0500535526531187,0.29812158537669325
2024-06-19,1.157110780485758,0.686376876277321
2024-06-20,1.7931239381473079,0.32142958837488017
2024-06-21,1.5947516166243985,0.18142492175464903
2024-06-24,1.3463048229801062,0.03645123958982319
2024-06-25,1.0833873131504208,0.14497368216482265
2024-06-26,1.010382592317665,0.19720139143745127
2024-06-27,1.0193027910243377,0.15954413556624633
2024-06-28,0.9832965279252951,0.05282703000385106
2024-07-01,0.8490591943091136,0.2960772975979439
2024-07-02,1.0204187368803928,0.40880820195689677
2024-07-03,1.2755469925863645,0.0
2024-07-04,1.007972183358253,0.05036865526511968
2024-07-05,0.8618801672092586,0.050209344544893
2024-07-08,0.7552168161836352,0.6828798179024719
2024-07-09,1.5205649605291491,0.14017316566242086
2024-07-10,1.2743928064903194,0.03515950023427831
2024-07-11,1.0398532947286487,0.10501366542814096
2024-07-12,0.9406512396086756,0.034850744769051416
2024-07-15,0.8028599861466718,0.0
2024-07-16,0.6688862118398297,0.034850744769053005
2024-07-17,0.5994770768121936,0.06993186581018457
2024-07-18,0.5786349460000272,0.12312699407337493
2024-07-19,0.6173390317768778,0.017648148417323754
2024-07-22,0.546421028706726,0.017628550247366603
2024-07-23,0.49169852714740586,0.017628550247365014
2024-07-24,0.4434717340736572,0.08843759846157755
2024-07-25,0.4760238045362398,0.26830792854211843
2024-07-26,0.7305979576726057,0.0
2024-07-29,0.6123987920565284,0.018049470809083302
2024-07-30,0.5349102028812114,0.018049470809083302
2024-07-31,0.48311136962031265,0.0
2024-08-01,0.4241836069713746,0.356745527003696
2024-08-02,0.9502266978194686,0.0
2024-08-05,0.7521577645884406,0.23097061317256498
2024-08-06,0.4871265749997843,0.23097061317256498
2024-08-07,0.6122551879147423,0.3489043276017934
2024-08-08,0.7553529847978602,0.03454736481344961
2024-08-09,0.934926831193925,0.10409550655305502
2024-08-12,0.8077494030815162,0.0
2024-08-13,0.7252562510883139,0.034850744769053005
2024-08-14,0.642993700912545,0.01743493625712839
2024-08-15,0.579370976442292,0.15605867987842925
2024-08-16,0.6565855321767321,0.06917007835574152
2024-08-19,0.6136777366648236,0.0
2024-08-20,0.5421877751235863,0.10432353777981769
2024-08-21,0.5538353384570328,0.01743493625712839
2024-08-22,0.5079163678261921,0.017415808511923026
2024-08-23,0.4687702413145225,0.034850744769053005
2024-08-26,0.4410123923335664,0.052247467459604596
2024-08-27,0.4441350611107128,0.05207607032020992
2024-08-28,0.445474952401011,0.03462271354228875
2024-08-29,0.42760827433968646,0.13894625132210803
2024-08-30,0.5065780151088339,0.034850744769051416
2024-09-02,0.4747469791875504,0.13864287136650622
2024-09-03,0.5586349439481925,0.06917007835574152
2024-09-04,0.548455411458284,0.10432353777981769
2024-09-05,0.5673025341833119,0.034927424137273656
2024-09-06,0.5267658261451541,0.0
2024-09-09,0.46691246034492434,0.03492742413727524
2024-09-10,0.4449508180788122,0.017454106064458463
2024-09-11,0.410663852841682,0.06970157352406466
2024-09-12,0.434518955069729,0.12124614867595303
2024-09-13,0.5091760969053614,0.3075888928216632
2024-09-17,0.8107364975898068,0.17014640769841516
2024-09-18,0.8322705061342346,0.05140158144487169
2024-09-19,0.741610810040772,0.42334529808853466
2024-09-20,1.108911674508048,0.2017973089452478
2024-09-23,1.0700810054691443,0.016914767574130504
2024-09-24,0.8935493545578415,0.13467319682622272
2024-09-25,0.8688471813029045,0.28755888448279326
2024-09-26,0.9722218170841366,0.304312984049992
2024-09-27,0.6927923833698884,0.19968197709237634
2024-09-30,0.5996117386662165,0.04968551119117098
2024-10-02,0.5561451107006059,0.2795169405641631
2024-10-03,0.5832971108653395,0.1298535491466295
2024-10-04,0.565825451054424,0.03236394162048974
2024-10-07,0.5628362863125066,0.5941257688238314
2024-10-08,0.7555103615660835,0.0
2024-10-09,0.6364088455757393,0.250260167773269
2024-10-10,0.7327288549489044,0.3438656010505577
2024-10-11,0.6907400935979424,0.28892722909015794
2024-10-14,0.6997470147972142,0.5010122458485193
2024-10-15,0.9282135288517227,0.15337808077270149
2024-10-16,1.184168784790103,0.6226095194770918
2024-10-17,1.0298272095573813,0.0
2024-10-18,0.7483782906327873,0.31435696278834535
2024-10-21,0.7360760731748242,0.46016288212163947
2024-10-22,0.7662692293018993,0.0
2024-10-23,0.6607688494738341,0.15047039546987737
2024-10-24,0.6437634704792261,0.3023807209027719
2024-10-25,0.9028228693573226,0.3394095988131932
2024-10-28,1.1960843567577994,0.09383972862834843
2024-10-29,0.7266210650171939,0.8252324002490541
2024-10-30,1.1308682163748085,0.11868846217466221
2024-10-31,0.9650577997539183,0.46607407484173635
2024-11-01,1.038527734185117,0.057516395769796294
2024-11-04,0.8874464674684985,0.0
2024-11-05,1.0335413475260877,0.3054282629338307
2024-11-06,1.216100478964908,0.1623627231706501
2024-11-07,1.132508971605105,0.02964428100759318
2024-11-08,0.967110188011593,0.0
2024-11-11,0.8290704502512681,0.01480140700835135
2024-11-12,0.707924665134865,0.16191108049423475
2024-11-13,0.756697271190976,0.08762400094883753
2024-11-14,0.718491657880946,0.4310085895076382
2024-11-15,1.0881660615182334,0.18533538066502264
2024-11-18,0.6423359740090744,0.18533538066502106
2024-11-19,0.5172459510469994,0.0
2024-11-20,0.4096218191461904,0.4019077420062978
2024-11-21,0.4652867821757375,0.0
2024-11-22,0.4186163658748098,0.5471960386156487
2024-11-25,0.5314708879134568,0.07505691460843261
2024-11-26,0.4916516806217989,0.0
2024-11-27,0.4890525804699371,0.0
2024-11-28,0.3796421009265988,0.014983019391083216
2024-11-29,0.3619952109381105,0.13548737607879413
2024-12-02,0.33929992762737665,0.0
2024-12-03,0.3184632357029081,0.0452910660045567
2024-12-04,0.35762963812772025,0.030122414856886444
2024-12-05,0.29106696025599094,0.1348479753738456
2024-12-06,0.28621199245495227,0.0
2024-12-09,0.2402995753776244,0.05979106076540981
2024-12-10,0.23838885430299173,0.0
2024-12-11,0.30411576995394207,0.0
2024-12-12,0.22257155869974143,0.014983019391083216
2024-12-13,0.2915583184371529,0.2873977015116887
2024-12-16,0.43324642461146723,0.15191032543289298
2024-12-17,0.5502405820704783,0.1354873760787957
2024-12-18,0.48871490114912125,0.31171143193206197
2024-12-19,0.48430111467716547,0.8582905293687076
2024-12-20,0.9619448758421203,0.4800432953228362
2024-12-23,0.921067644892484,0.21764876147244852
2024-12-24,0.8309872347046078,0.262394533850386
2024-12-27,0.7785944304656421,0.0
2024-12-30,0.7651824552108109,0.0
2024-12-31,0.5300633236295799,0.0
2025-01-02,0.49325844859009926,0.0
2025-01-03,0.38136712933831923,0.22437840502368384
2025-01-06,0.42775433315412764,0.22437840502368542
2025-01-07,0.4830941273410877,0.0
2025-01-08,0.379402346462271,0.0
2025-01-09,0.34104813827914116,0.27608535648975585
2025-01-10,0.4463526523524066,0.0
2025-01-13,0.4063109759503597,0.013690822639366615
2025-01-14,0.4544401765602981,0.165217531597901
2025-01-15,0.3692472042130056,0.17890835423726764
2025-01-16,0.4481756843619678,0.0
2025-01-17,0.351484995177011,0.0
2025-01-20,0.3296130414014888,0.27136571683364547
2025-01-21,0.5808380180535074,0.26680473192469795
2025-01-22,0.5139922860049331,0.262394533850386
2025-01-23,0.6030660957704846,0.06492650304874265
2025-01-24,0.48781240643532625,0.2825634254906459
2025-01-27,0.5724447066038536,0.012725057087314086
2025-01-28,0.48461648174508953,0.012725057087314086
2025-01-29,0.5300641125313581,0.012735265718242489
2025-01-30,0.3824930922285923,0.3217481009576087
2025-01-31,0.4874513682089531,0.0
2025-02-03,0.5441899387075082,0.24512120462709472
2025-02-04,0.5098025008998454,0.5039949611423684
2025-02-05,0.7017976020732211,0.0
2025-02-06,1.0485511582792515,0.0
2025-02-07,0.9157241308534168,0.23740359769281605
2025-02-10,0.9457351044371379,0.037811469722058524
2025-02-11,0.5884928225320679,0.02521765084147131
2025-02-12,0.5829526366903569,0.1254908342708741
2025-02-13,0.7102318303296803,0.012504536185282732
2025-02-14,0.6602275795031665,0.11298629808558978
2025-02-17,0.6656670253842483,0.037841514621158666
2025-02-18,0.6173120910188439,0.0
2025-02-19,0.5486170678967984,0.11406881081173431
2025-02-20,0.5825918254248083,0.16450414431348337
2025-02-21,0.6854073532377465,0.012593818880587209
2025-02-24,0.6161201365327924,0.1264907717765676
2025-02-25,0.5919876210337344,0.38563453928303115
2025-02-26,0.684401310831639,0.0
2025-02-27,0.48832927146772315,0.051962428937957696
2025-02-28,0.4266256835987533,0.2483505979748642
2025-03-03,0.5091907531498463,0.3328110967381807
2025-03-04,0.5190872206359048,0.13510301008159828
2025-03-05,0.4721622893470543,0.13510301008159828
2025-03-06,0.4803162753646071,0.1339628867021888
2025-03-07,0.4952985458068321,0.026657450204515456
2025-03-10,0.4449282211535301,0.0797048094513924
2025-03-11,0.438999561302659,0.4442539034728901
2025-03-12,0.7661254786455116,0.2860349073428139
2025-03-13,0.8900763049724771,0.13065512328690962
2025-03-14,0.7262382227830771,0.09134555008472908
2025-03-17,0.6597539804390697,0.039309573202178934
2025-03-18,0.5071776406777732,0.13173941056347488
2025-03-19,0.4154781734572049,0.0
2025-03-20,0.39776413064901545,0.48352492881993386
2025-03-21,0.6281460498641829,1.0040472291609583
2025-03-24,1.6154597601881464,0.21615602994780486
2025-03-25,1.9244018628044588,0.31262349183628574
2025-03-26,1.779124556427258,0.037104437304844334
2025-03-27,1.0108746583594013,1.0861659132015562
2025-03-28,1.5665653866824576,0.1835223661477903
2025-04-02,2.0464938779680755,0.022824601870858354
2025-04-03,1.2647389067006887,0.022857466679716453
2025-04-04,1.323378142888946,0.9181295439395539
2025-04-07,1.825826475765891,0.10868857277943555
2025-04-08,1.051936514492004,0.2792528461477687
2025-04-09,1.231146583998822,0.41109172135785144
2025-04-10,1.5510273912199941,0.35409292312645824
2025-04-11,1.3919640590548037,0.0
2025-04-14,0.9241970253753949,0.23518219583741914
2025-04-15,1.2414890777089342,2.018525833492436
2025-04-16,3.2660814311794875,0.0
2025-04-17,2.3720602625638354,0.26680473192469795
2025-04-22,2.0865177284806586,0.262394533850386
2025-04-23,1.8924958620613006,0.026002475701439456
2025-04-24,1.5440129994553693,0.4861228353581593
2025-04-25,1.7072709818321519,0.9772012566577467
2025-04-28,2.3651919302679922,0.18842367052461984
2025-04-29,2.036595955387691,0.5721162552066119
2025-04-30,2.009169708546125,0.3435112554023498
2025-05-02,1.8443245994362178,0.1370111184878119
2025-05-05,1.588391443019086,0.3831324496149313
2025-05-06,1.309020651069736,0.5991091334437523
2025-05-07,1.0916797953823474,0.11715557135089091
2025-05-08,0.7866808619343543,0.24324785698290036
2025-05-09,0.7539796697056652,0.011499100731999473
2025-05-12,0.6275934440280384,0.011499100731999473
2025-05-13,0.7950880943783427,0.10379301109554781
2025-05-14,0.5418702105700036,0.011574559657063851
2025-05-15,0.8090067232353644,0.1278802862302871
2025-05-16,0.469992371300639,0.11629728107108019
2025-05-19,0.39181129524970726,0.18432146548431294
2025-05-20,0.4715335964065994,0.10274798243473249
2025-05-21,0.4154368868097301,0.17161797273922633
2025-05-22,0.38534252261888224,0.22841412587074017
2025-05-23,0.44062890225939433,0.36705699723724483
2025-05-26,0.5771493190089543,0.3216363428844372
2025-05-27,0.5801904902826049,0.06837558826554285
2025-05-28,0.5028845952645562,0.11461788325238811
2025-05-29,0.4726661272805134,0.4669309520883232
2025-05-30,0.6015630556852017,0.09505721736671924
2025-06-02,0.5337109159139489,0.3302394132041416
2025-06-03,0.5847563211272503,0.346366639503289
2025-06-04,0.6335276124906747,0.1251311291166294
2025-06-05,0.6178361178922465,0.25849327327412286
2025-06-10,0.7705298283615313,0.044654060010757064
2025-06-11,0.6653833416137643,0.11140051237263002
2025-06-13,0.9657062286162039,0.0
2025-06-16,0.8316385527408311,0.8956395835598928
2025-06-17,1.9588645019883242,0.6878489698411223
2025-06-18,2.2641765171212667,0.14999646590120377
2025-06-19,1.0211876419191404,1.0027308537770168
2025-06-20,1.1013737894250544,0.26379611201393444
2025-06-23,0.9357061872728566,0.009497163230554655
2025-06-24,0.7135661835013654,0.11434268787292169
2025-06-25,0.6276330059726646,0.0
2025-06-26,0.5572800263226751,0.09591876836236389
2025-06-27,0.5627706403556371,0.24236360644005306
2025-06-30,0.5291424302654225,0.19659084518378958
2025-07-01,0.5004155261941043,0.049530485943329844
2025-07-02,0.46657445067143666,0.536516768058234
2025-07-03,0.5831379328408695,0.08609275141886101
2025-07-04,0.5229756616667208,0.24612133112711942
2025-07-07,0.5216160589051815,0.27009201151000506
2025-07-08,0.5257541504611815,0.37417933693634897
2025-07-09,0.5804647205338966,0.444693163957607
2025-07-10,0.6742986087873346,0.6192359124372178
2025-07-11,0.9043231268812252,0.04223069228124763
2025-07-14,0.6791943335041484,1.1655500829087062
2025-07-16,1.266695515542506,1.3014482514762424
2025-07-17,2.119973114986986,0.3375886470524318
2025-07-18,1.3379757167278394,0.09212349068478708
2025-07-21,0.9342134385221216,0.11802662448652666
2025-07-22,0.8313886375845102,0.033811531134665174
2025-07-23,0.6792152674553492,0.016878797833002297
2025-07-24,0.529340506851362,0.016878797833002297
2025-07-25,0.45535823145707677,0.016878797833002297
2025-07-28,0.3533599334245364,0.6446547489913943
2025-07-29,0.6915269896363644,0.6272814696358119
2025-07-30,1.7774471133202825,0.22739866645060036
2025-07-31,1.0441661081141846,0.15874640155937358
2025-08-01,0.7305134561036626,0.07957163460844738
2025-08-04,0.5294701895842868,0.15954413556624475
2025-08-05,0.4974758919464145,0.06401019909360572
2025-08-06,0.438242058539847,0.08759469756427596
2025-08-07,0.4040779681881945,0.00793923890836307
2025-08-08,0.42811819203967344,0.02382963849986853
2025-08-11,0.328742790557638,0.13571449706637623
2025-08-12,0.43337907709880175,0.20983386582257063
2025-08-13,0.4226494952873797,0.08144968030714898
2025-08-14,0.4456156025501574,0.08144968030714898
2025-08-15,0.5579847568222641,0.1141469274311185
2025-08-18,0.4484150523188793,0.33073087642816706
2025-08-19,0.7889858486846499,0.831855039718538
2025-08-20,1.4342792024767381,0.4513559427188397
2025-08-21,1.4787069992998116,0.2125133191891141
2025-08-22,1.1905226732250747,0.3424783304017324
2025-08-25,1.0326684030482263,0.31905521642266577
2025-08-26,0.8212071940321268,0.49354776901381553
2025-08-27,1.2611661997948624,0.5007610954061902
2025-08-28,1.0041140757748248,0.008625106360722464
2025-08-29,0.6889981709579608,0.0
2025-09-01,0.7875805581994311,0.0865097937514089
2025-09-02,0.6320186978001979,0.17444689689647508
2025-09-03,0.511674583068422,0.260956690647884
2025-09-04,0.5103073503922878,0.0
2025-09-08,0.44409277315678364,0.08604090367837477
2025-09-09,0.3911173422948948,0.017170913373880936
2025-09-10,0.32235093814741844,0.04289250884695034
2025-09-11,0.30324956036331163,0.05985547358777739
2025-09-12,0.29567033035829293,0.20352211931963896
2025-09-15,0.4073319742259308,0.1342461097080457
2025-09-16,0.48650327390550135,0.16798577781058105
2025-09-17,0.4244792368223448,0.11777643326568646
2025-09-18,0.3610745688900222,0.11777643326568646
2025-09-19,0.3496018814259192,0.1697824512171036
2025-09-22,0.36853303429470297,0.5205223003410212
2025-09-23,0.5814702519540089,0.17541071146623574
2025-09-24,0.5245170199965566,0.31093610125880566
2025-09-25,0.6884520684208875,0.03417548761597669
2025-09-26,0.4983624824658333,0.1697824512171036
2025-09-29,0.4535960320146558,0.01689676356053467
2025-09-30,0.3748150916950816,0.334564709334372
2025-10-02,0.5139876353845655,0.00827875266032956
2025-10-03,0.3946886477295447,0.5133082543789295
2025-10-06,0.5972980883147125,0.6547116696818578
2025-10-07,0.7782959502749173,0.16798577781058105
2025-10-08,0.659609158445243,0.16798577781058263
2025-10-09,0.5317585450820137,0.0
2025-10-10,0.4396245830752647,0.16798577781058105
2025-10-13,0.5284646415074818,0.0
2025-10-14,0.3940955165605584,0.10165141158730927
2025-10-15,0.35253946331262814,0.016987168947249328
2025-10-16,0.29079873209532653,0.03399253518662201
2025-10-17,0.27306998387150067,0.008509519295905044
2025-10-20,0.2693032882198336,0.05115313083502109
2025-10-21,0.32389994092339025,0.008536976740504463
2025-10-22,0.25543440725709116,0.03417548761597669
2025-10-23,0.23225613243572188,0.05140158144487169
2025-10-24,0.2517681872782785,0.32070803623428534
2025-10-27,0.471343964322523,0.0350624280949598
2025-10-28,0.3934878501039831,0.01756029810303935
2025-10-29,0.32885317890943266,0.2389851170863364
2025-10-30,0.41091446473554377,0.08893304977687043
2025-10-31,0.38067965366819567,0.0
2025-11-03,0.3362689747697082,0.790934943309806
2025-11-04,1.2314419174745845,0.14844767783134008
2025-11-05,1.5381198778542384,0.08333094130805592
2025-11-06,0.6795050266849519,0.09310588488439625
2025-11-07,0.6241253355505503,0.09365518531754974
2025-11-10,0.6903289298144075,1.2706385926105106
2025-11-11,2.764581899887536,1.5130021990505638
2025-11-12,3.8623987043314703,0.49184853708529586
2025-11-13,2.9537004989345625,0.4548880829814358
2025-11-14,2.3693501721542214,0.09256299034196556
2025-11-17,1.7064438097960848,0.05560253623810549
2025-11-18,1.2600634384312708,0.22358831404868812
2025-11-19,1.186362172810404,0.11298629808558819
2025-11-20,1.0229779619906814,0.09421100569422484
2025-11-21,0.9019825394997905,0.056259389775650905
2025-11-24,0.7938624380770282,0.22306467076825745
2025-11-25,0.9414031596631524,0.0
2025-11-26,0.7687994682956769,0.01844800656937134
2025-11-27,0.648957667629363,0.05521573520334677
2025-11-28,0.6090153554365625,0.0
2025-12-01,0.5339304162798025,0.0
2025-12-02,0.4783853132958271,0.10985862437507059
2025-12-03,0.571484915272975,0.1814249217546506
2025-12-04,0.7509958372846992,0.17937487876524646
2025-12-05,0.8460628397415879,0.1861873704125446
2025-12-08,0.920372058461699,0.16659398929214228
2025-12-09,0.8901142206767608,0.043551489227144746
2025-12-10,0.7706345132709151,0.06973985018396343
2025-12-11,0.728813683222907,0.16687049892674238
2025-12-12,0.8000573849666592,0.0
2025-12-15,0.6679961061979854,0.33909737858637223
2025-12-16,0.9496006694941693,0.0719933563482923
2025-12-17,0.8329053571924588,0.0539643846586768
2025-12-18,0.7458831450573388,0.0
2025-12-19,0.6339682527612998,0.0
2025-12-22,0.543869327437159,0.018028971689613916
2025-12-23,0.5048644706559621,0.11682396469835682
2025-12-24,0.6030051665792552,0.16034992769688705
2025-12-29,0.7143937020386741,0.25498234607468634
2025-12-30,0.9306722896586661,0.052419996558964704
2025-12-31,0.8050453383999046,0.2775940963206126
2026-01-02,1.0255477450843749,0.7884365945689894
2026-01-05,2.2699176066042863,0.47558568991157396
2026-01-06,2.0731313008281687,0.15160489665788168
2026-01-07,1.5604080919041583,0.0
2026-01-08,1.1372496185424874,0.03203736277384722
2026-01-09,0.8908699706921404,0.0399559935744419
2026-01-12,0.7542428711204978,0.007979144609501896
2026-01-13,0.6248930110919435,0.0799725009577942
2026-01-14,0.6327063081339933,0.016042960300641187
2026-01-15,0.5677360340547788,0.00802350680026788
2026-01-16,0.5006372385224518,0.25063405469381017
2026-01-19,0.825796818812676,0.39605816148767264
2026-01-20,1.199925172484191,0.00835720359727642
2026-01-21,0.907542113230133,0.10830196941119298
2026-01-22,0.8508299903872184,0.47438947712884355
2026-01-23,1.473905903259732,0.0
2026-01-26,1.062071721793691,0.0
2026-01-27,0.8274192298937003,0.08037742673909444
2026-01-28,0.7639218951771,0.024070524500227026
2026-01-29,0.6636318956617038,0.024070524500227026
2026-01-30,0.5882786256479992,0.03210215020476431
2026-02-02,0.5565169252617638,0.11207465116255692
2026-02-03,0.6378849058058941,0.04779082746432156
2026-02-04,0.5963527536085551,0.031780807144129
2026-02-05,0.5469149194487954,0.03963674435389821
2026-02-06,0.5219630922030607,0.007919435368230828
2026-02-09,0.48490239925229567,0.1262392964161083
2026-02-10,0.6127519636874583,0.7670336349780912
2026-02-11,2.819269143492232,0.1490575070468573
2026-02-12,1.8147013012069084,0.7249893589666551
2026-02-13,2.145329447893084,1.0952278811442748
2026-02-16,2.854674215296795,0.3747949978127809
2026-02-17,2.0983071727039304,0.17021938632485797
2026-02-18,1.5447418670355715,0.1431066421313395
2026-02-19,1.234508905392228,0.13510301008159828
2026-02-20,1.0650255015648202,0.26680473192469795
2026-02-23,1.1470789380462778,0.0
2026-02-24,0.8932916775743079,0.2668047319246995
2026-02-25,0.994657969362652,0.12154084961005611
2026-02-26,0.903993013118432,0.013562160471542148
2026-02-27,0.7484563546234675,0.1283750981917876
2026-03-02,0.7711000370836542,0.12734526786367287
2026-03-03,0.7826561947988175,0.013345530728323396
2026-03-04,0.6494925931081217,0.0
2026-03-05,0.5685432398000144,0.0
2026-03-06,0.5075713152092497,0.1339628867021872
2026-03-09,0.6176274090651942,0.13510301008159828
2026-03-10,0.6766673699475378,0.13510301008159828
2026-03-11,0.7335873593530668,0.07416432539619423
2026-03-12,0.6910487920377374,0.0067565473956290485
2026-03-13,0.5908144634699362,0.0875744220844035
2026-03-16,0.6109271046100304,0.703020875203271
2026-03-17,2.3376738327083486,1.2219757320529296
2026-03-18,2.640390866207859,1.3541521979371447
2026-03-23,2.864521175564892,0.8821440392910275
2026-03-24,2.804703169798045,0.4997486774859157
2026-03-25,2.2725414129547143,0.11735936632828636
2026-03-26,1.560520759178911,0.09600163605374935
